{"type":"FeatureCollection","features":[{"type":"Feature","properties":{"i":8},"geometry":{"type":"MultiPolygon","coordinates":[[[[-77.0139,38.8287],[-77.0139,38.8288],[-77.0138,38.8289],[-77.0138,38.8291],[-77.0138,38.8292],[-77.0137,38.8293],[-77.0137,38.8295],[-77.0136,38.8296],[-77.0136,38.8297],[-77.0135,38.8299],[-77.0134,38.83],[-77.0134,38.8302],[-77.0133,38.8303],[-77.0132,38.8305],[-77.0131,38.8306],[-77.0128,38.8311],[-77.0126,38.8314],[-77.0121,38.832],[-77.0115,38.8327],[-77.01,38.8345],[-77.0069,38.8378],[-77.0064,38.8384],[-77.0068,38.8387],[-77.0067,38.8387],[-77.0068,38.8388],[-77.0066,38.839],[-77.0064,38.8393],[-77.0069,38.8396],[-77.0068,38.8399],[-77.0069,38.8399],[-77.0069,38.8401],[-77.0067,38.8404],[-77.0066,38.8407],[-77.0063,38.8412],[-77.0062,38.8413],[-77.0061,38.8413],[-77.0054,38.8422],[-77.0051,38.8426],[-77.0047,38.8431],[-77.0045,38.8433],[-77.0042,38.8435],[-77.0037,38.8437],[-77.0032,38.8439],[-77.0027,38.8439],[-77.002,38.844],[-77.0021,38.8443],[-77.002,38.8447],[-77.002,38.8451],[-77.0033,38.8451],[-77.0033,38.8452],[-77.0033,38.8453],[-77.0034,38.8454],[-77.0035,38.8455],[-77.0036,38.8455],[-77.0042,38.8456],[-77.0047,38.8457],[-77.0048,38.8457],[-77.005,38.8458],[-77.0051,38.8459],[-77.0052,38.846],[-77.0053,38.8462],[-77.0054,38.8463],[-77.0054,38.8465],[-77.0055,38.8469],[-77.0055,38.8474],[-77.0056,38.8481],[-77.0057,38.8488],[-77.0057,38.8491],[-77.0057,38.8493],[-77.0056,38.8495],[-77.0056,38.8497],[-77.0055,38.8498],[-77.0054,38.8499],[-77.0053,38.85],[-77.0039,38.8512],[-76.9999,38.8487],[-76.9996,38.8485],[-76.996,38.8485],[-76.996,38.8482],[-76.996,38.848],[-76.996,38.8476],[-76.996,38.8472],[-76.9961,38.847],[-76.9962,38.8467],[-76.9962,38.8465],[-76.9956,38.8462],[-76.9947,38.8456],[-76.994,38.8452],[-76.9935,38.8449],[-76.9923,38.8442],[-76.9923,38.844],[-76.9899,38.8444],[-76.9897,38.8444],[-76.9893,38.8445],[-76.9885,38.8446],[-76.9885,38.8432],[-76.9885,38.8419],[-76.9885,38.8398],[-76.9883,38.8378],[-76.9881,38.8375],[-76.9879,38.8372],[-76.9875,38.8367],[-76.9872,38.8363],[-76.9866,38.8357],[-76.9861,38.8351],[-76.9858,38.8348],[-76.9854,38.8344],[-76.985,38.8339],[-76.9872,38.8321],[-76.9926,38.8279],[-76.9959,38.8253],[-76.9968,38.8246],[-77.0012,38.8212],[-77.0053,38.818],[-77.0053,38.8199],[-77.008,38.8195],[-77.0105,38.8192],[-77.0107,38.8191],[-77.0108,38.8192],[-77.0109,38.8192],[-77.0109,38.8197],[-77.011,38.8203],[-77.011,38.821],[-77.011,38.8213],[-77.0111,38.8216],[-77.0112,38.8219],[-77.0113,38.8222],[-77.0116,38.8228],[-77.0119,38.8237],[-77.0123,38.8246],[-77.0124,38.8249],[-77.0125,38.8251],[-77.0126,38.8254],[-77.0126,38.8258],[-77.0126,38.8261],[-77.0126,38.8287],[-77.0127,38.8287],[-77.0128,38.8287],[-77.0139,38.8285],[-77.0139,38.8287]]]]}},{"type":"Feature","properties":{"i":10},"geometry":{"type":"MultiPolygon","coordinates":[[[[-76.9929,38.8539],[-76.9923,38.8538],[-76.992,38.8536],[-76.9916,38.8535],[-76.9911,38.8533],[-76.9906,38.8532],[-76.99,38.853],[-76.9894,38.8529],[-76.9887,38.8528],[-76.9881,38.8528],[-76.9872,38.8527],[-76.9865,38.8527],[-76.9858,38.8528],[-76.9851,38.8528],[-76.9845,38.8529],[-76.9838,38.8531],[-76.9833,38.8533],[-76.9827,38.8535],[-76.9818,38.8539],[-76.9811,38.8541],[-76.9805,38.8542],[-76.9799,38.8542],[-76.9792,38.8543],[-76.9785,38.8542],[-76.9778,38.8541],[-76.9772,38.854],[-76.9764,38.8538],[-76.9759,38.8535],[-76.9756,38.8534],[-76.9753,38.8532],[-76.975,38.8531],[-76.9747,38.8529],[-76.9742,38.8525],[-76.9737,38.852],[-76.9727,38.8511],[-76.9722,38.8507],[-76.9717,38.8504],[-76.9711,38.8501],[-76.9706,38.8498],[-76.97,38.8496],[-76.9695,38.8494],[-76.969,38.8493],[-76.9682,38.8491],[-76.967,38.849],[-76.9662,38.849],[-76.9654,38.8491],[-76.9709,38.8448],[-76.9729,38.8433],[-76.985,38.8339],[-76.9854,38.8344],[-76.9858,38.8348],[-76.9861,38.8351],[-76.9866,38.8357],[-76.9872,38.8363],[-76.9875,38.8367],[-76.9879,38.8372],[-76.9881,38.8375],[-76.9883,38.8378],[-76.9885,38.8398],[-76.9885,38.8419],[-76.9885,38.8432],[-76.9885,38.8446],[-76.9882,38.8447],[-76.9879,38.8448],[-76.9874,38.8449],[-76.9871,38.845],[-76.9862,38.8452],[-76.9852,38.8455],[-76.9844,38.8457],[-76.9846,38.8461],[-76.9842,38.8465],[-76.9838,38.8468],[-76.9836,38.847],[-76.9839,38.8472],[-76.9837,38.8474],[-76.9834,38.8478],[-76.9829,38.8482],[-76.9828,38.8483],[-76.9826,38.8484],[-76.9834,38.8489],[-76.9845,38.8496],[-76.9851,38.849],[-76.9899,38.852],[-76.9929,38.8539]]]]}},{"type":"Feature","properties":{"i":37},"geometry":{"type":"MultiPolygon","coordinates":[[[[-76.9771,38.8573],[-76.9772,38.8574],[-76.9775,38.8576],[-76.9777,38.8579],[-76.9778,38.858],[-76.978,38.8583],[-76.978,38.8586],[-76.9781,38.8588],[-76.9782,38.859],[-76.9782,38.8593],[-76.978,38.8595],[-76.9779,38.8598],[-76.9777,38.86],[-76.9775,38.8601],[-76.9773,38.8603],[-76.9772,38.8605],[-76.9772,38.8607],[-76.9774,38.8609],[-76.9766,38.8614],[-76.9763,38.8613],[-76.9759,38.861],[-76.9754,38.8606],[-76.9746,38.8614],[-76.9728,38.8631],[-76.9724,38.8629],[-76.972,38.8627],[-76.9717,38.8626],[-76.9715,38.8625],[-76.971,38.8623],[-76.9705,38.8621],[-76.9703,38.8619],[-76.9701,38.8618],[-76.9699,38.8617],[-76.9698,38.8616],[-76.9695,38.8614],[-76.9693,38.8612],[-76.9691,38.8609],[-76.9688,38.8607],[-76.9686,38.8605],[-76.9684,38.8604],[-76.9681,38.8602],[-76.9682,38.8598],[-76.9682,38.8593],[-76.9682,38.859],[-76.9682,38.8587],[-76.9681,38.8583],[-76.9679,38.858],[-76.9677,38.8576],[-76.9673,38.8571],[-76.967,38.8565],[-76.9665,38.8559],[-76.9657,38.8548],[-76.9655,38.8545],[-76.9652,38.8543],[-76.9644,38.8534],[-76.9633,38.8524],[-76.9629,38.8521],[-76.9627,38.852],[-76.9624,38.8519],[-76.9621,38.8519],[-76.9618,38.8519],[-76.9654,38.8491],[-76.9662,38.849],[-76.967,38.849],[-76.9682,38.8491],[-76.969,38.8493],[-76.9695,38.8494],[-76.97,38.8496],[-76.9706,38.8498],[-76.9711,38.8501],[-76.9717,38.8504],[-76.9722,38.8507],[-76.9727,38.8511],[-76.9737,38.852],[-76.9742,38.8525],[-76.9742,38.853],[-76.9742,38.8546],[-76.976,38.8558],[-76.9755,38.8563],[-76.9765,38.857],[-76.9768,38.8572],[-76.977,38.8572],[-76.9771,38.8573]]]]}},{"type":"Feature","properties":{"i":25},"geometry":{"type":"MultiPolygon","coordinates":[[[[-76.9794,38.8776],[-76.9796,38.8775],[-76.9798,38.8775],[-76.9799,38.8774],[-76.98,38.8774],[-76.9802,38.8774],[-76.9803,38.8773],[-76.9804,38.8773],[-76.9805,38.8773],[-76.9806,38.8772],[-76.9807,38.8772],[-76.9808,38.8772],[-76.9809,38.8772],[-76.981,38.8771],[-76.9811,38.8771],[-76.9812,38.8771],[-76.9813,38.8771],[-76.9813,38.877],[-76.9817,38.8769],[-76.982,38.8768],[-76.9821,38.8768],[-76.9823,38.8767],[-76.9825,38.8767],[-76.9827,38.8766],[-76.9829,38.8766],[-76.983,38.8765],[-76.9831,38.8765],[-76.9835,38.8763],[-76.9839,38.8762],[-76.9839,38.8761],[-76.9845,38.8759],[-76.985,38.8757],[-76.9853,38.8756],[-76.9854,38.8756],[-76.9854,38.8755],[-76.9855,38.8755],[-76.986,38.8752],[-76.9862,38.8751],[-76.9863,38.875],[-76.9864,38.875],[-76.9865,38.8749],[-76.9867,38.8748],[-76.9868,38.8748],[-76.987,38.8747],[-76.9871,38.8748],[-76.9872,38.8748],[-76.987,38.8746],[-76.9872,38.8746],[-76.9873,38.8745],[-76.9874,38.8744],[-76.9878,38.8742],[-76.9879,38.8741],[-76.9881,38.874],[-76.9883,38.8739],[-76.9884,38.8739],[-76.9884,38.8738],[-76.9885,38.8738],[-76.9886,38.8737],[-76.9887,38.8736],[-76.9888,38.8736],[-76.9889,38.8735],[-76.989,38.8735],[-76.9891,38.8734],[-76.9892,38.8734],[-76.9892,38.8733],[-76.9893,38.8733],[-76.9895,38.8732],[-76.9898,38.873],[-76.9899,38.8729],[-76.99,38.8729],[-76.9901,38.8728],[-76.9902,38.8728],[-76.9903,38.8727],[-76.9902,38.8727],[-76.9905,38.8726],[-76.9906,38.8725],[-76.9907,38.8725],[-76.9907,38.8724],[-76.9908,38.8723],[-76.9908,38.8722],[-76.9908,38.8721],[-76.991,38.8721],[-76.9911,38.872],[-76.9911,38.8721],[-76.9912,38.8721],[-76.9913,38.8721],[-76.9914,38.872],[-76.9916,38.8719],[-76.9921,38.8716],[-76.9922,38.8716],[-76.9923,38.8715],[-76.9924,38.8715],[-76.9927,38.8712],[-76.9928,38.8712],[-76.9929,38.8713],[-76.993,38.8713],[-76.9931,38.8713],[-76.9932,38.8713],[-76.9933,38.8714],[-76.9934,38.8714],[-76.9936,38.8714],[-76.9937,38.8715],[-76.9938,38.8715],[-76.9939,38.8715],[-76.9941,38.8716],[-76.9943,38.8716],[-76.9944,38.8717],[-76.9945,38.8717],[-76.9946,38.8717],[-76.9947,38.8717],[-76.9948,38.8717],[-76.9951,38.8718],[-76.9954,38.8719],[-76.9957,38.872],[-76.9958,38.872],[-76.9959,38.872],[-76.9964,38.8722],[-76.9966,38.8722],[-76.997,38.8723],[-76.9972,38.8724],[-76.9974,38.8724],[-76.9979,38.8725],[-76.998,38.8726],[-76.9982,38.8726],[-76.9987,38.8727],[-76.9988,38.8727],[-76.999,38.8728],[-76.9994,38.8728],[-76.9995,38.8728],[-76.9996,38.8728],[-76.9996,38.8729],[-76.9997,38.8729],[-76.9997,38.873],[-76.9998,38.873],[-76.9999,38.873],[-77.0,38.873],[-77.0001,38.873],[-77.0002,38.873],[-77.0003,38.873],[-77.0004,38.873],[-77.0005,38.873],[-77.0006,38.873],[-77.0007,38.873],[-77.0008,38.873],[-77.0008,38.8729],[-77.0009,38.8729],[-77.001,38.8729],[-77.0011,38.8729],[-77.0012,38.8729],[-77.0013,38.8729],[-77.0014,38.8729],[-77.0015,38.8729],[-77.0016,38.8729],[-77.0016,38.8728],[-77.0017,38.8728],[-77.0017,38.8729],[-77.0018,38.8729],[-77.0018,38.873],[-77.0018,38.8731],[-77.0019,38.8731],[-77.002,38.8731],[-77.002,38.8732],[-77.0021,38.8732],[-77.0021,38.8731],[-77.0022,38.8731],[-77.0022,38.873],[-77.0022,38.8729],[-77.0022,38.8728],[-77.0022,38.8727],[-77.0021,38.8727],[-77.0021,38.8726],[-77.0022,38.8726],[-77.0023,38.8726],[-77.0025,38.8726],[-77.0026,38.8726],[-77.0027,38.8726],[-77.0028,38.8726],[-77.0028,38.873],[-77.0031,38.8729],[-77.0031,38.8732],[-77.0032,38.8732],[-77.0032,38.8728],[-77.0033,38.8728],[-77.0034,38.8727],[-77.0035,38.8727],[-77.0036,38.8727],[-77.0039,38.8726],[-77.0042,38.8724],[-77.0044,38.8723],[-77.0045,38.8723],[-77.0046,38.8723],[-77.0046,38.8721],[-77.0046,38.872],[-77.0047,38.872],[-77.0047,38.8719],[-77.0048,38.8719],[-77.0049,38.8719],[-77.0048,38.8718],[-77.0049,38.8718],[-77.005,38.8718],[-77.0051,38.8718],[-77.0052,38.8718],[-77.0052,38.8717],[-77.0053,38.8717],[-77.0054,38.8717],[-77.0054,38.8716],[-77.0055,38.8716],[-77.0056,38.8716],[-77.0056,38.8715],[-77.0057,38.8715],[-77.0058,38.8715],[-77.0059,38.8715],[-77.0059,38.8714],[-77.0058,38.8714],[-77.0058,38.8713],[-77.0059,38.8713],[-77.0059,38.8712],[-77.006,38.8712],[-77.006,38.8711],[-77.0061,38.8711],[-77.0062,38.8711],[-77.0062,38.871],[-77.0063,38.8709],[-77.0064,38.8709],[-77.0064,38.8708],[-77.0065,38.8708],[-77.0065,38.8707],[-77.0066,38.8707],[-77.0066,38.8706],[-77.0067,38.8705],[-77.0068,38.8704],[-77.0069,38.8703],[-77.007,38.8701],[-77.0071,38.8702],[-77.0071,38.8701],[-77.0071,38.87],[-77.0072,38.87],[-77.0073,38.87],[-77.0073,38.8699],[-77.0073,38.8698],[-77.0074,38.8698],[-77.0074,38.8697],[-77.0074,38.8696],[-77.008,38.8698],[-77.0083,38.8701],[-77.0086,38.8705],[-77.0089,38.8708],[-77.0091,38.8715],[-77.0091,38.8719],[-77.0091,38.8736],[-77.0091,38.8775],[-77.009,38.8814],[-77.0091,38.8817],[-77.0082,38.8814],[-77.0074,38.8812],[-77.0063,38.881],[-77.0054,38.881],[-77.004,38.881],[-77.0031,38.8809],[-77.0021,38.8807],[-77.0006,38.8803],[-76.9979,38.8795],[-76.9958,38.8789],[-76.9927,38.8781],[-76.9907,38.8777],[-76.9897,38.8774],[-76.9886,38.8773],[-76.9873,38.8771],[-76.9857,38.8771],[-76.9847,38.8771],[-76.9836,38.8773],[-76.9824,38.8776],[-76.9807,38.8782],[-76.9796,38.8777],[-76.9794,38.8776]]]]}},{"type":"Feature","properties":{"i":28},"geometry":{"type":"MultiPolygon","coordinates":[[[[-76.9376,38.89],[-76.9375,38.8898],[-76.9382,38.8898],[-76.9398,38.8898],[-76.9402,38.8896],[-76.9404,38.8892],[-76.9408,38.8884],[-76.9417,38.8865],[-76.9457,38.8865],[-76.9454,38.8861],[-76.9452,38.8857],[-76.945,38.8855],[-76.9448,38.8851],[-76.9448,38.8848],[-76.9447,38.8846],[-76.9446,38.8844],[-76.9445,38.8843],[-76.9445,38.8842],[-76.9443,38.8841],[-76.9443,38.884],[-76.9443,38.8838],[-76.9442,38.8837],[-76.9442,38.8836],[-76.9442,38.8834],[-76.9442,38.8833],[-76.9443,38.8831],[-76.9442,38.883],[-76.9442,38.8829],[-76.9443,38.8828],[-76.9444,38.8827],[-76.9445,38.8826],[-76.9446,38.8823],[-76.9448,38.8822],[-76.945,38.882],[-76.9451,38.8819],[-76.9454,38.8817],[-76.9455,38.8815],[-76.9456,38.8814],[-76.9459,38.8812],[-76.9458,38.881],[-76.9458,38.8809],[-76.9456,38.8805],[-76.9454,38.88],[-76.9452,38.8796],[-76.9449,38.8792],[-76.9446,38.8787],[-76.9441,38.8781],[-76.9437,38.8777],[-76.9433,38.8773],[-76.943,38.8771],[-76.9428,38.8769],[-76.9425,38.8768],[-76.9422,38.8767],[-76.9416,38.8765],[-76.9414,38.8764],[-76.9411,38.8763],[-76.9406,38.8759],[-76.9399,38.8755],[-76.939,38.875],[-76.9382,38.8746],[-76.9373,38.8741],[-76.9361,38.8735],[-76.9349,38.8729],[-76.9353,38.8725],[-76.9359,38.8721],[-76.9365,38.8716],[-76.9371,38.8711],[-76.9377,38.8707],[-76.9383,38.8702],[-76.9389,38.8697],[-76.9395,38.8693],[-76.9396,38.8692],[-76.9397,38.8692],[-76.9461,38.8718],[-76.9498,38.8733],[-76.9529,38.8746],[-76.9562,38.876],[-76.9588,38.877],[-76.9607,38.8778],[-76.9609,38.8778],[-76.9608,38.878],[-76.9608,38.8782],[-76.9609,38.8783],[-76.961,38.8785],[-76.9611,38.8785],[-76.9607,38.8791],[-76.9603,38.8798],[-76.9599,38.8802],[-76.9598,38.8804],[-76.9595,38.8808],[-76.9592,38.8813],[-76.9587,38.882],[-76.9591,38.882],[-76.9593,38.882],[-76.9597,38.882],[-76.9598,38.882],[-76.9598,38.8821],[-76.9598,38.8822],[-76.9598,38.8824],[-76.9608,38.8824],[-76.9614,38.8824],[-76.9627,38.8824],[-76.9655,38.8826],[-76.9685,38.8826],[-76.9684,38.8826],[-76.9683,38.8827],[-76.9682,38.8828],[-76.9681,38.8828],[-76.9681,38.8829],[-76.968,38.8829],[-76.968,38.883],[-76.9679,38.883],[-76.9678,38.8831],[-76.9677,38.8832],[-76.9676,38.8833],[-76.9675,38.8833],[-76.9675,38.8834],[-76.9674,38.8834],[-76.9674,38.8835],[-76.9673,38.8835],[-76.9673,38.8836],[-76.9672,38.8836],[-76.9672,38.8837],[-76.9671,38.8837],[-76.967,38.8838],[-76.9669,38.8838],[-76.9669,38.8839],[-76.9668,38.8839],[-76.9668,38.884],[-76.9667,38.884],[-76.9667,38.8841],[-76.9667,38.8842],[-76.9668,38.8842],[-76.9669,38.8843],[-76.9668,38.8843],[-76.9667,38.8843],[-76.9666,38.8844],[-76.9667,38.8844],[-76.9667,38.8845],[-76.9666,38.8845],[-76.9666,38.8844],[-76.9665,38.8843],[-76.9665,38.8844],[-76.9666,38.8844],[-76.9665,38.8845],[-76.9664,38.8844],[-76.9663,38.8844],[-76.9662,38.8844],[-76.9661,38.8844],[-76.9661,38.8845],[-76.966,38.8845],[-76.9659,38.8846],[-76.9658,38.8847],[-76.9657,38.8847],[-76.9655,38.8849],[-76.9655,38.885],[-76.9654,38.885],[-76.9653,38.8851],[-76.9652,38.8851],[-76.9652,38.8852],[-76.9651,38.8852],[-76.9651,38.8853],[-76.965,38.8853],[-76.965,38.8854],[-76.9649,38.8855],[-76.9646,38.8858],[-76.9644,38.886],[-76.964,38.8864],[-76.964,38.8865],[-76.964,38.8866],[-76.9639,38.8866],[-76.9639,38.8867],[-76.9638,38.8867],[-76.9638,38.8868],[-76.9638,38.8869],[-76.9637,38.8869],[-76.9634,38.8874],[-76.9632,38.8878],[-76.9632,38.8879],[-76.9631,38.8879],[-76.9631,38.888],[-76.9631,38.8881],[-76.9631,38.8882],[-76.963,38.8882],[-76.963,38.8883],[-76.963,38.8884],[-76.9629,38.8884],[-76.9629,38.8885],[-76.9629,38.8886],[-76.9629,38.8887],[-76.9628,38.8887],[-76.9628,38.8888],[-76.9628,38.8889],[-76.9628,38.889],[-76.9627,38.8893],[-76.9626,38.8893],[-76.9626,38.8894],[-76.9625,38.8895],[-76.9625,38.8896],[-76.9624,38.8898],[-76.9624,38.8899],[-76.9624,38.89],[-76.9624,38.8901],[-76.9623,38.8902],[-76.9623,38.8903],[-76.9623,38.8904],[-76.9623,38.8905],[-76.9622,38.8905],[-76.9622,38.8906],[-76.9622,38.8907],[-76.9622,38.8908],[-76.9622,38.8909],[-76.9621,38.8909],[-76.9621,38.891],[-76.9621,38.8911],[-76.9621,38.8912],[-76.962,38.8912],[-76.962,38.8913],[-76.962,38.8914],[-76.962,38.8915],[-76.9619,38.8916],[-76.9619,38.8917],[-76.9619,38.8918],[-76.9619,38.8919],[-76.9618,38.8919],[-76.9618,38.892],[-76.9618,38.8921],[-76.9618,38.8922],[-76.9618,38.8923],[-76.9617,38.8923],[-76.9617,38.8924],[-76.9617,38.8925],[-76.9617,38.8926],[-76.9616,38.8926],[-76.9616,38.8927],[-76.9616,38.8928],[-76.9616,38.8929],[-76.9616,38.893],[-76.9615,38.893],[-76.9615,38.8931],[-76.9615,38.8932],[-76.9615,38.8933],[-76.9614,38.8934],[-76.9614,38.8935],[-76.9613,38.8936],[-76.9613,38.8937],[-76.9612,38.8941],[-76.9612,38.8943],[-76.9611,38.8944],[-76.9611,38.8945],[-76.9611,38.8946],[-76.9611,38.8947],[-76.9611,38.8948],[-76.9611,38.8949],[-76.9611,38.895],[-76.961,38.8951],[-76.961,38.8952],[-76.961,38.8956],[-76.961,38.8957],[-76.961,38.8958],[-76.9612,38.8963],[-76.9612,38.8964],[-76.9612,38.8965],[-76.9612,38.8966],[-76.9612,38.8967],[-76.9612,38.8969],[-76.9612,38.897],[-76.9603,38.8969],[-76.9587,38.8967],[-76.9575,38.8965],[-76.9569,38.8964],[-76.956,38.8963],[-76.9548,38.8961],[-76.9522,38.8957],[-76.9494,38.8952],[-76.9485,38.8948],[-76.947,38.8942],[-76.9464,38.8939],[-76.946,38.8938],[-76.9455,38.8936],[-76.9447,38.8935],[-76.9442,38.8934],[-76.9436,38.8932],[-76.943,38.8931],[-76.9425,38.8929],[-76.9418,38.8926],[-76.941,38.8923],[-76.9403,38.892],[-76.9397,38.8918],[-76.9392,38.8915],[-76.9389,38.8913],[-76.9385,38.8911],[-76.9383,38.8909],[-76.9381,38.8907],[-76.9378,38.8903],[-76.9376,38.89]]]]}},{"type":"Feature","properties":{"i":11},"geometry":{"type":"MultiPolygon","coordinates":[[[[-77.0149,38.9057],[-77.0142,38.9057],[-77.014,38.9056],[-77.014,38.9057],[-77.009,38.9074],[-77.0091,38.9057],[-77.0091,38.9037],[-77.009,38.9025],[-77.0091,38.9002],[-77.0091,38.8989],[-77.0091,38.8975],[-77.0091,38.8961],[-77.0091,38.8953],[-77.0091,38.8951],[-77.0095,38.8948],[-77.0107,38.894],[-77.0112,38.8936],[-77.0122,38.8929],[-77.0132,38.8921],[-77.0136,38.8921],[-77.0142,38.8921],[-77.0151,38.8921],[-77.0152,38.8921],[-77.0156,38.8921],[-77.0158,38.892],[-77.0163,38.8919],[-77.0164,38.8918],[-77.0175,38.8921],[-77.0187,38.8924],[-77.0204,38.8929],[-77.0216,38.8932],[-77.0223,38.8934],[-77.0236,38.8938],[-77.024,38.8939],[-77.025,38.8942],[-77.026,38.8945],[-77.0271,38.8947],[-77.0281,38.895],[-77.0296,38.8955],[-77.0299,38.8955],[-77.0313,38.8955],[-77.032,38.8955],[-77.032,38.8961],[-77.0322,38.8962],[-77.0331,38.8964],[-77.0332,38.8964],[-77.0337,38.8964],[-77.0336,38.897],[-77.0336,38.8974],[-77.0336,38.8982],[-77.0336,38.8983],[-77.0336,38.8988],[-77.0351,38.8988],[-77.0352,38.899],[-77.0352,38.8995],[-77.0352,38.9001],[-77.0351,38.9002],[-77.0351,38.9003],[-77.0347,38.901],[-77.0346,38.9011],[-77.0346,38.9012],[-77.0346,38.9013],[-77.0346,38.9026],[-77.0346,38.9037],[-77.0346,38.9048],[-77.0346,38.9057],[-77.0346,38.9066],[-77.034,38.9064],[-77.0324,38.9058],[-77.0323,38.9059],[-77.0321,38.906],[-77.0319,38.906],[-77.0318,38.906],[-77.0316,38.9059],[-77.0315,38.9058],[-77.0315,38.9057],[-77.0307,38.9057],[-77.0296,38.9057],[-77.0281,38.9057],[-77.027,38.9057],[-77.026,38.9057],[-77.0219,38.9057],[-77.0189,38.9057],[-77.0162,38.9057],[-77.0152,38.9057],[-77.0149,38.9057]]]]}},{"type":"Feature","properties":{"i":36},"geometry":{"type":"MultiPolygon","coordinates":[[[[-77.0395,38.8988],[-77.0395,38.8983],[-77.0395,38.8974],[-77.0395,38.8969],[-77.0395,38.8964],[-77.0395,38.8959],[-77.0395,38.8955],[-77.0395,38.8954],[-77.0415,38.8954],[-77.0417,38.8954],[-77.0424,38.8954],[-77.043,38.8954],[-77.0435,38.8954],[-77.0441,38.8954],[-77.0448,38.8954],[-77.0449,38.8954],[-77.0451,38.8955],[-77.0456,38.8955],[-77.046,38.8956],[-77.0465,38.8956],[-77.0467,38.8957],[-77.0475,38.8957],[-77.048,38.896],[-77.0502,38.8961],[-77.0514,38.8961],[-77.0524,38.8962],[-77.0527,38.8962],[-77.0529,38.8966],[-77.0528,38.897],[-77.0527,38.8974],[-77.0567,38.8974],[-77.0567,38.8977],[-77.0567,38.8978],[-77.0566,38.8979],[-77.0566,38.8984],[-77.0567,38.8986],[-77.0568,38.8987],[-77.0569,38.8988],[-77.057,38.8989],[-77.0571,38.8991],[-77.0572,38.899],[-77.0573,38.8993],[-77.0574,38.8993],[-77.0573,38.8993],[-77.0574,38.8993],[-77.0574,38.8994],[-77.0575,38.8996],[-77.0574,38.8997],[-77.0573,38.8999],[-77.0573,38.9],[-77.0573,38.9003],[-77.0576,38.9005],[-77.058,38.9007],[-77.0583,38.9009],[-77.0584,38.901],[-77.0585,38.9012],[-77.0585,38.9013],[-77.0584,38.9015],[-77.0583,38.9018],[-77.0582,38.902],[-77.058,38.9022],[-77.0578,38.9024],[-77.0576,38.9027],[-77.0575,38.9029],[-77.0573,38.9031],[-77.0571,38.9033],[-77.057,38.9035],[-77.0569,38.9037],[-77.0566,38.9038],[-77.0565,38.904],[-77.0562,38.9042],[-77.056,38.9046],[-77.0558,38.9048],[-77.0556,38.9051],[-77.0554,38.9053],[-77.0552,38.9057],[-77.055,38.9061],[-77.0548,38.9065],[-77.0546,38.9068],[-77.0545,38.9071],[-77.0544,38.9074],[-77.0542,38.9077],[-77.0539,38.9079],[-77.0537,38.9082],[-77.0535,38.9085],[-77.0532,38.9087],[-77.0529,38.9088],[-77.0526,38.9089],[-77.0522,38.9089],[-77.0518,38.9088],[-77.0515,38.9088],[-77.0512,38.9088],[-77.0509,38.9089],[-77.0505,38.909],[-77.0503,38.9092],[-77.0501,38.9094],[-77.0501,38.909],[-77.0501,38.9086],[-77.05,38.9083],[-77.0499,38.9081],[-77.0497,38.908],[-77.0496,38.9079],[-77.0495,38.9079],[-77.0492,38.9079],[-77.0488,38.9079],[-77.0466,38.9079],[-77.0466,38.9073],[-77.0466,38.9062],[-77.047,38.9059],[-77.0473,38.9055],[-77.0474,38.9054],[-77.0479,38.9049],[-77.0482,38.9046],[-77.0484,38.9043],[-77.0486,38.9042],[-77.0487,38.9041],[-77.0491,38.9037],[-77.0493,38.9034],[-77.0496,38.9032],[-77.0497,38.903],[-77.0496,38.9029],[-77.0495,38.9028],[-77.0495,38.9027],[-77.0495,38.9025],[-77.0495,38.9023],[-77.0488,38.9021],[-77.0487,38.9021],[-77.0483,38.9019],[-77.0467,38.9013],[-77.0449,38.9007],[-77.0435,38.9002],[-77.0417,38.8996],[-77.0395,38.8988]]]]}},{"type":"Feature","properties":{"i":16},"geometry":{"type":"MultiPolygon","coordinates":[[[[-77.0727,38.9547],[-77.0727,38.9546],[-77.0726,38.9544],[-77.0723,38.954],[-77.0723,38.9539],[-77.0722,38.9538],[-77.0721,38.9536],[-77.072,38.9534],[-77.0719,38.9533],[-77.0718,38.9532],[-77.0718,38.953],[-77.0717,38.9528],[-77.0716,38.9527],[-77.0716,38.9526],[-77.0716,38.9523],[-77.0715,38.9521],[-77.0715,38.9519],[-77.0715,38.9517],[-77.0715,38.9515],[-77.0716,38.9512],[-77.0716,38.951],[-77.0717,38.9507],[-77.0718,38.9504],[-77.072,38.9501],[-77.072,38.9499],[-77.0721,38.9498],[-77.0722,38.9496],[-77.0723,38.9494],[-77.0724,38.9491],[-77.0724,38.9489],[-77.0725,38.9488],[-77.0725,38.9486],[-77.0726,38.9484],[-77.0726,38.9482],[-77.0726,38.948],[-77.0726,38.9478],[-77.0725,38.9476],[-77.0725,38.9474],[-77.0724,38.9472],[-77.0723,38.947],[-77.0722,38.9468],[-77.072,38.9466],[-77.0717,38.9463],[-77.0716,38.9462],[-77.0715,38.9461],[-77.0713,38.9458],[-77.0711,38.9457],[-77.0709,38.9455],[-77.0708,38.9453],[-77.0706,38.9452],[-77.0705,38.9451],[-77.0704,38.9449],[-77.0703,38.9448],[-77.0703,38.9447],[-77.0701,38.9445],[-77.0699,38.9442],[-77.0697,38.9439],[-77.0696,38.9436],[-77.0694,38.9434],[-77.0693,38.9432],[-77.0693,38.9431],[-77.0692,38.943],[-77.069,38.9424],[-77.0689,38.9424],[-77.0689,38.9422],[-77.0697,38.9422],[-77.0709,38.9422],[-77.0719,38.9422],[-77.0725,38.9422],[-77.0741,38.9422],[-77.0746,38.9422],[-77.0749,38.9422],[-77.0751,38.9422],[-77.0757,38.9422],[-77.0763,38.9422],[-77.0765,38.9422],[-77.0773,38.9422],[-77.0782,38.9422],[-77.0795,38.9422],[-77.0805,38.9422],[-77.0822,38.9422],[-77.0825,38.9419],[-77.0827,38.9416],[-77.0829,38.9414],[-77.0831,38.9412],[-77.0833,38.9409],[-77.0835,38.9407],[-77.0838,38.9404],[-77.084,38.9402],[-77.0842,38.94],[-77.0844,38.9397],[-77.0847,38.9394],[-77.0849,38.9391],[-77.0851,38.9388],[-77.0859,38.9379],[-77.0861,38.9381],[-77.0862,38.9382],[-77.0866,38.9384],[-77.087,38.9387],[-77.0872,38.9389],[-77.0875,38.9391],[-77.0881,38.9395],[-77.0885,38.9398],[-77.0888,38.9401],[-77.0892,38.9403],[-77.0895,38.9405],[-77.0896,38.9407],[-77.0901,38.941],[-77.0903,38.9411],[-77.0909,38.9415],[-77.091,38.9417],[-77.0915,38.942],[-77.0919,38.9423],[-77.092,38.9424],[-77.0925,38.9427],[-77.0926,38.9428],[-77.0928,38.943],[-77.0931,38.9432],[-77.0934,38.9434],[-77.0937,38.9436],[-77.0939,38.9438],[-77.0942,38.944],[-77.0946,38.9443],[-77.0947,38.9443],[-77.0967,38.9458],[-77.0973,38.9462],[-77.0975,38.9464],[-77.0983,38.947],[-77.0984,38.9471],[-77.0988,38.9473],[-77.0993,38.9477],[-77.0995,38.9478],[-77.0996,38.9479],[-77.1001,38.9483],[-77.1004,38.9485],[-77.1006,38.9487],[-77.1011,38.949],[-77.1007,38.9493],[-77.0998,38.95],[-77.099,38.9506],[-77.0984,38.9511],[-77.0977,38.9516],[-77.0965,38.9526],[-77.0956,38.9533],[-77.0939,38.9546],[-77.0914,38.9566],[-77.0907,38.9571],[-77.0888,38.9586],[-77.0877,38.9595],[-77.0858,38.9609],[-77.0848,38.9618],[-77.0823,38.9637],[-77.0805,38.9651],[-77.0803,38.9652],[-77.0803,38.9648],[-77.0803,38.9639],[-77.0803,38.9631],[-77.0803,38.9628],[-77.0803,38.9624],[-77.0803,38.9621],[-77.0803,38.9617],[-77.0802,38.9614],[-77.0801,38.9611],[-77.0801,38.961],[-77.08,38.9607],[-77.0798,38.9605],[-77.0797,38.9603],[-77.0795,38.96],[-77.0793,38.9598],[-77.0791,38.9597],[-77.0789,38.9595],[-77.0787,38.9593],[-77.0785,38.9592],[-77.0782,38.959],[-77.078,38.959],[-77.0772,38.9586],[-77.0771,38.9585],[-77.0767,38.9583],[-77.0765,38.9582],[-77.0763,38.9581],[-77.076,38.958],[-77.0758,38.9579],[-77.0755,38.9577],[-77.0754,38.9576],[-77.0751,38.9574],[-77.0748,38.9572],[-77.0746,38.957],[-77.0745,38.9569],[-77.0743,38.9568],[-77.0741,38.9566],[-77.074,38.9565],[-77.0738,38.9563],[-77.0736,38.9561],[-77.0735,38.9559],[-77.0733,38.9557],[-77.0732,38.9554],[-77.0731,38.9553],[-77.0729,38.955],[-77.0727,38.9547]]]]}},{"type":"Feature","properties":{"i":24},"geometry":{"type":"MultiPolygon","coordinates":[[[[-76.9437,38.9024],[-76.9419,38.9017],[-76.9416,38.9016],[-76.9375,38.8999],[-76.9371,38.8997],[-76.9366,38.8995],[-76.9358,38.8994],[-76.9338,38.899],[-76.9337,38.8984],[-76.9339,38.8984],[-76.9341,38.8983],[-76.9341,38.8949],[-76.9329,38.8947],[-76.9329,38.8926],[-76.9392,38.8935],[-76.9401,38.8929],[-76.9404,38.8931],[-76.941,38.8923],[-76.9418,38.8926],[-76.9425,38.8929],[-76.943,38.8931],[-76.9436,38.8932],[-76.9442,38.8934],[-76.9447,38.8935],[-76.9455,38.8936],[-76.946,38.8938],[-76.9464,38.8939],[-76.947,38.8942],[-76.9485,38.8948],[-76.9494,38.8952],[-76.9522,38.8957],[-76.9548,38.8961],[-76.956,38.8963],[-76.9569,38.8964],[-76.9575,38.8965],[-76.9587,38.8967],[-76.9603,38.8969],[-76.9612,38.897],[-76.9612,38.8972],[-76.9611,38.8973],[-76.9611,38.8974],[-76.9612,38.8974],[-76.9612,38.8975],[-76.9612,38.8976],[-76.9611,38.8976],[-76.9611,38.8977],[-76.9611,38.8978],[-76.9612,38.8978],[-76.9612,38.8979],[-76.9613,38.898],[-76.9613,38.8981],[-76.9614,38.8981],[-76.9614,38.8982],[-76.9614,38.8983],[-76.9615,38.8984],[-76.9615,38.8985],[-76.9616,38.8985],[-76.9616,38.8986],[-76.9617,38.8987],[-76.9617,38.8988],[-76.9617,38.8989],[-76.9617,38.899],[-76.9617,38.8991],[-76.9617,38.8992],[-76.9617,38.8993],[-76.9617,38.8994],[-76.9617,38.8995],[-76.9617,38.8996],[-76.9616,38.8997],[-76.9616,38.8998],[-76.9616,38.8999],[-76.9615,38.8999],[-76.9615,38.9],[-76.9614,38.9001],[-76.9612,38.9003],[-76.961,38.9006],[-76.9608,38.9009],[-76.9607,38.901],[-76.9605,38.9013],[-76.9604,38.9012],[-76.9603,38.9012],[-76.9603,38.9013],[-76.9602,38.9013],[-76.9601,38.9013],[-76.96,38.9013],[-76.9599,38.9013],[-76.9598,38.9013],[-76.9597,38.9013],[-76.9597,38.9012],[-76.9596,38.9012],[-76.9596,38.9013],[-76.9595,38.9013],[-76.9594,38.9013],[-76.9593,38.9013],[-76.9592,38.9013],[-76.9591,38.9013],[-76.959,38.9013],[-76.9589,38.9013],[-76.9589,38.9012],[-76.9588,38.9012],[-76.9587,38.9012],[-76.9587,38.9013],[-76.9586,38.9013],[-76.9585,38.9014],[-76.9584,38.9014],[-76.9584,38.9013],[-76.9583,38.9013],[-76.9583,38.9014],[-76.9584,38.9014],[-76.9584,38.9015],[-76.9585,38.9015],[-76.9586,38.9014],[-76.9587,38.9014],[-76.9587,38.9013],[-76.9588,38.9013],[-76.9588,38.9014],[-76.9588,38.9015],[-76.9587,38.9015],[-76.9587,38.9016],[-76.9588,38.9017],[-76.9588,38.9018],[-76.9588,38.9019],[-76.9589,38.9019],[-76.9589,38.902],[-76.959,38.902],[-76.9591,38.902],[-76.9592,38.902],[-76.9593,38.9021],[-76.9594,38.9021],[-76.9594,38.9022],[-76.9594,38.9023],[-76.9593,38.9023],[-76.9593,38.9024],[-76.9592,38.9024],[-76.9592,38.9025],[-76.9591,38.9025],[-76.9591,38.9026],[-76.959,38.9027],[-76.959,38.9028],[-76.9589,38.9028],[-76.9589,38.9029],[-76.9588,38.903],[-76.9588,38.9031],[-76.9587,38.9031],[-76.9587,38.9032],[-76.9587,38.9033],[-76.9586,38.9033],[-76.9586,38.9034],[-76.9585,38.9034],[-76.9585,38.9035],[-76.9584,38.9036],[-76.9584,38.9037],[-76.9583,38.9037],[-76.9583,38.9038],[-76.9583,38.9039],[-76.9582,38.9039],[-76.9582,38.904],[-76.9581,38.9041],[-76.9581,38.9042],[-76.958,38.9043],[-76.958,38.9044],[-76.9581,38.9044],[-76.9581,38.9045],[-76.9581,38.9046],[-76.9581,38.9047],[-76.958,38.9047],[-76.958,38.9048],[-76.9579,38.9048],[-76.9578,38.9048],[-76.9577,38.9048],[-76.9577,38.9049],[-76.9576,38.9049],[-76.9576,38.905],[-76.9576,38.9051],[-76.9576,38.9052],[-76.9576,38.9053],[-76.9577,38.9053],[-76.9577,38.9054],[-76.9577,38.9055],[-76.9577,38.9056],[-76.9576,38.9056],[-76.9576,38.9057],[-76.9575,38.9057],[-76.9574,38.9058],[-76.9573,38.906],[-76.9573,38.9061],[-76.9573,38.9062],[-76.9572,38.9063],[-76.9572,38.9064],[-76.9571,38.9064],[-76.9571,38.9065],[-76.957,38.9066],[-76.957,38.9067],[-76.9569,38.9068],[-76.9569,38.9069],[-76.9568,38.9069],[-76.9568,38.907],[-76.9568,38.9071],[-76.9567,38.9071],[-76.9567,38.9072],[-76.9566,38.9073],[-76.9566,38.9074],[-76.9566,38.9075],[-76.9565,38.9075],[-76.9565,38.9076],[-76.9565,38.9077],[-76.9564,38.9077],[-76.9564,38.9078],[-76.9564,38.9079],[-76.9563,38.908],[-76.9563,38.9081],[-76.9562,38.9082],[-76.956,38.9084],[-76.9555,38.9089],[-76.9555,38.909],[-76.9554,38.909],[-76.9554,38.9091],[-76.9553,38.9091],[-76.9553,38.9092],[-76.9552,38.9092],[-76.9552,38.9093],[-76.9551,38.9094],[-76.9549,38.9097],[-76.9508,38.909],[-76.9501,38.9087],[-76.9493,38.9081],[-76.9475,38.906],[-76.9452,38.9032],[-76.945,38.903],[-76.9448,38.903],[-76.9446,38.9028],[-76.9437,38.9024]]]]}},{"type":"Feature","properties":{"i":9},"geometry":{"type":"MultiPolygon","coordinates":[[[[-76.9132,38.8898],[-76.9194,38.8898],[-76.9194,38.8899],[-76.9192,38.8905],[-76.9207,38.8907],[-76.9207,38.8911],[-76.924,38.8915],[-76.9259,38.8917],[-76.9271,38.8919],[-76.928,38.8919],[-76.9281,38.8919],[-76.9282,38.8919],[-76.9282,38.892],[-76.9283,38.892],[-76.9297,38.8922],[-76.9301,38.8922],[-76.9314,38.8924],[-76.9316,38.8925],[-76.9329,38.8926],[-76.9329,38.8947],[-76.9341,38.8949],[-76.9341,38.8983],[-76.9339,38.8984],[-76.9337,38.8984],[-76.9338,38.899],[-76.9358,38.8994],[-76.9366,38.8995],[-76.9371,38.8997],[-76.9375,38.8999],[-76.9416,38.9016],[-76.9419,38.9017],[-76.9437,38.9024],[-76.9436,38.9025],[-76.9414,38.9043],[-76.94,38.9056],[-76.9388,38.9069],[-76.9356,38.9106],[-76.934,38.9124],[-76.9338,38.9122],[-76.9326,38.9113],[-76.9319,38.9107],[-76.9318,38.9107],[-76.9317,38.9106],[-76.9316,38.9105],[-76.9313,38.9102],[-76.9303,38.9095],[-76.9294,38.9088],[-76.9284,38.908],[-76.9275,38.9073],[-76.9263,38.9064],[-76.9259,38.9061],[-76.925,38.9053],[-76.924,38.9046],[-76.9234,38.9041],[-76.9214,38.9025],[-76.9206,38.9019],[-76.9188,38.9005],[-76.918,38.8998],[-76.917,38.8991],[-76.916,38.8983],[-76.9155,38.8979],[-76.9148,38.8973],[-76.914,38.8967],[-76.9128,38.8958],[-76.9118,38.895],[-76.9107,38.8942],[-76.9091,38.8929],[-76.9105,38.8919],[-76.9117,38.891],[-76.9117,38.8909],[-76.9123,38.8905],[-76.9132,38.8898]]]]}},{"type":"Feature","properties":{"i":29},"geometry":{"type":"MultiPolygon","coordinates":[[[[-77.032,38.9141],[-77.0296,38.9141],[-77.027,38.9141],[-77.026,38.9141],[-77.0247,38.9141],[-77.0244,38.9141],[-77.024,38.9141],[-77.0219,38.9141],[-77.0199,38.9141],[-77.0188,38.9141],[-77.0182,38.9141],[-77.0179,38.9141],[-77.0178,38.9137],[-77.0175,38.913],[-77.0174,38.9127],[-77.0174,38.9126],[-77.0172,38.9122],[-77.0171,38.9119],[-77.017,38.9115],[-77.0169,38.9112],[-77.0167,38.9108],[-77.0166,38.9105],[-77.0163,38.9096],[-77.016,38.9088],[-77.0158,38.9082],[-77.0154,38.9072],[-77.0149,38.9057],[-77.0152,38.9057],[-77.0162,38.9057],[-77.0189,38.9057],[-77.0219,38.9057],[-77.026,38.9057],[-77.027,38.9057],[-77.0281,38.9057],[-77.0296,38.9057],[-77.0307,38.9057],[-77.0315,38.9057],[-77.0315,38.9058],[-77.0316,38.9059],[-77.0318,38.906],[-77.0319,38.906],[-77.0321,38.906],[-77.0323,38.9059],[-77.0324,38.9058],[-77.034,38.9064],[-77.0346,38.9066],[-77.0346,38.9079],[-77.0346,38.9087],[-77.0346,38.9097],[-77.0346,38.9111],[-77.0346,38.9127],[-77.0345,38.9137],[-77.0345,38.9141],[-77.0344,38.9141],[-77.0333,38.9141],[-77.032,38.9141]]]]}},{"type":"Feature","properties":{"i":3},"geometry":{"type":"MultiPolygon","coordinates":[[[[-76.9329,38.8926],[-76.9316,38.8925],[-76.9314,38.8924],[-76.9301,38.8922],[-76.9297,38.8922],[-76.9283,38.892],[-76.9282,38.892],[-76.9282,38.8919],[-76.9281,38.8919],[-76.928,38.8919],[-76.9271,38.8919],[-76.9259,38.8917],[-76.924,38.8915],[-76.9207,38.8911],[-76.9207,38.8907],[-76.9192,38.8905],[-76.9194,38.8899],[-76.9194,38.8898],[-76.9132,38.8898],[-76.9132,38.8897],[-76.9143,38.8889],[-76.9185,38.8857],[-76.9256,38.8801],[-76.928,38.8783],[-76.9299,38.8768],[-76.9309,38.876],[-76.9314,38.8756],[-76.9336,38.8739],[-76.9341,38.8735],[-76.9347,38.873],[-76.9349,38.8729],[-76.9361,38.8735],[-76.9373,38.8741],[-76.9382,38.8746],[-76.939,38.875],[-76.9399,38.8755],[-76.9406,38.8759],[-76.9411,38.8763],[-76.9414,38.8764],[-76.9416,38.8765],[-76.9422,38.8767],[-76.9425,38.8768],[-76.9428,38.8769],[-76.943,38.8771],[-76.9433,38.8773],[-76.9437,38.8777],[-76.9441,38.8781],[-76.9446,38.8787],[-76.9449,38.8792],[-76.9452,38.8796],[-76.9454,38.88],[-76.9456,38.8805],[-76.9458,38.8809],[-76.9458,38.881],[-76.9459,38.8812],[-76.9456,38.8814],[-76.9455,38.8815],[-76.9454,38.8817],[-76.9451,38.8819],[-76.945,38.882],[-76.9448,38.8822],[-76.9446,38.8823],[-76.9445,38.8826],[-76.9444,38.8827],[-76.9443,38.8828],[-76.9442,38.8829],[-76.9442,38.883],[-76.9443,38.8831],[-76.9442,38.8833],[-76.9442,38.8834],[-76.9442,38.8836],[-76.9442,38.8837],[-76.9443,38.8838],[-76.9443,38.884],[-76.9443,38.8841],[-76.9445,38.8842],[-76.9445,38.8843],[-76.9446,38.8844],[-76.9447,38.8846],[-76.9448,38.8848],[-76.9448,38.8851],[-76.945,38.8855],[-76.9452,38.8857],[-76.9454,38.8861],[-76.9457,38.8865],[-76.9417,38.8865],[-76.9408,38.8884],[-76.9404,38.8892],[-76.9402,38.8896],[-76.9398,38.8898],[-76.9382,38.8898],[-76.9375,38.8898],[-76.9376,38.89],[-76.9378,38.8903],[-76.9381,38.8907],[-76.9383,38.8909],[-76.9385,38.8911],[-76.9389,38.8913],[-76.9392,38.8915],[-76.9397,38.8918],[-76.9403,38.892],[-76.941,38.8923],[-76.9404,38.8931],[-76.9401,38.8929],[-76.9392,38.8935],[-76.9329,38.8926]]]]}},{"type":"Feature","properties":{"i":32},"geometry":{"type":"MultiPolygon","coordinates":[[[[-77.0859,38.9379],[-77.0862,38.9376],[-77.0864,38.9374],[-77.0865,38.9372],[-77.0868,38.9369],[-77.087,38.9367],[-77.0871,38.9365],[-77.0873,38.9363],[-77.0876,38.9359],[-77.0877,38.9358],[-77.0876,38.9357],[-77.0875,38.9357],[-77.0872,38.9355],[-77.087,38.9353],[-77.0868,38.9351],[-77.0867,38.9349],[-77.0865,38.9347],[-77.0864,38.9345],[-77.0863,38.9343],[-77.0862,38.9342],[-77.0862,38.9341],[-77.086,38.9339],[-77.0858,38.9335],[-77.0856,38.9331],[-77.0854,38.9327],[-77.0852,38.9324],[-77.0851,38.9322],[-77.0849,38.9319],[-77.0848,38.9316],[-77.0846,38.9314],[-77.0845,38.9312],[-77.0843,38.9309],[-77.0842,38.9306],[-77.084,38.9303],[-77.0838,38.9299],[-77.0836,38.9296],[-77.0834,38.9293],[-77.0832,38.9289],[-77.0831,38.9287],[-77.0829,38.9284],[-77.0828,38.9282],[-77.0827,38.928],[-77.0826,38.9279],[-77.0825,38.9277],[-77.0825,38.9276],[-77.0824,38.9274],[-77.0825,38.9273],[-77.0827,38.9272],[-77.0828,38.9271],[-77.0829,38.927],[-77.083,38.9268],[-77.083,38.9267],[-77.0831,38.9266],[-77.0832,38.9265],[-77.0832,38.9264],[-77.0832,38.9262],[-77.0832,38.926],[-77.0833,38.9259],[-77.0833,38.9257],[-77.0832,38.9256],[-77.0833,38.9255],[-77.0833,38.9254],[-77.0833,38.9253],[-77.0832,38.9252],[-77.0833,38.925],[-77.0833,38.9249],[-77.0832,38.9248],[-77.0831,38.9247],[-77.0832,38.9245],[-77.0832,38.9244],[-77.0833,38.9243],[-77.0833,38.9242],[-77.0834,38.9241],[-77.0834,38.924],[-77.0835,38.9239],[-77.0835,38.9237],[-77.0834,38.9236],[-77.0835,38.9235],[-77.0835,38.9233],[-77.0835,38.9232],[-77.0835,38.923],[-77.0835,38.9229],[-77.0835,38.9227],[-77.0836,38.9226],[-77.0836,38.9225],[-77.0836,38.9224],[-77.0836,38.9222],[-77.0837,38.9221],[-77.0837,38.922],[-77.0837,38.9218],[-77.0838,38.9217],[-77.0838,38.9215],[-77.0837,38.9214],[-77.0837,38.9213],[-77.0837,38.9212],[-77.0837,38.9211],[-77.0838,38.921],[-77.0839,38.9209],[-77.084,38.9208],[-77.084,38.9207],[-77.084,38.9206],[-77.0841,38.9205],[-77.0842,38.9204],[-77.0843,38.9203],[-77.0843,38.9201],[-77.0842,38.92],[-77.0841,38.9199],[-77.0841,38.9198],[-77.0841,38.9197],[-77.0842,38.9196],[-77.0843,38.9195],[-77.0845,38.9194],[-77.0846,38.9194],[-77.0846,38.9193],[-77.0846,38.9191],[-77.0845,38.9191],[-77.0845,38.919],[-77.0846,38.919],[-77.0847,38.919],[-77.0847,38.9189],[-77.0848,38.9188],[-77.0847,38.9188],[-77.0846,38.9188],[-77.0845,38.9187],[-77.0844,38.9187],[-77.0843,38.9186],[-77.0843,38.9184],[-77.0843,38.9183],[-77.0842,38.9182],[-77.0842,38.9181],[-77.0841,38.9181],[-77.084,38.9182],[-77.0838,38.9181],[-77.0837,38.9181],[-77.0835,38.918],[-77.0834,38.9179],[-77.0831,38.9179],[-77.0827,38.9179],[-77.0824,38.9179],[-77.0822,38.9179],[-77.0823,38.9177],[-77.0825,38.9174],[-77.0826,38.9173],[-77.0826,38.917],[-77.0826,38.9169],[-77.0827,38.9165],[-77.0826,38.9164],[-77.0825,38.9163],[-77.0824,38.9161],[-77.0823,38.916],[-77.0823,38.9159],[-77.0822,38.9158],[-77.0821,38.9158],[-77.082,38.9158],[-77.0819,38.9157],[-77.0819,38.9156],[-77.0819,38.9155],[-77.0819,38.9154],[-77.0818,38.9153],[-77.0817,38.9152],[-77.0817,38.9151],[-77.0817,38.915],[-77.0816,38.9149],[-77.0816,38.9148],[-77.0816,38.9147],[-77.0816,38.9146],[-77.0816,38.9145],[-77.0816,38.9144],[-77.0817,38.9143],[-77.0816,38.9142],[-77.0815,38.9142],[-77.0814,38.9141],[-77.0812,38.914],[-77.081,38.9139],[-77.0809,38.9137],[-77.0807,38.9136],[-77.0805,38.9134],[-77.0804,38.9131],[-77.0802,38.9127],[-77.08,38.9123],[-77.0798,38.9116],[-77.0796,38.9111],[-77.0795,38.9107],[-77.0794,38.9103],[-77.0793,38.91],[-77.0792,38.9098],[-77.0791,38.9095],[-77.079,38.9092],[-77.0789,38.9089],[-77.079,38.9087],[-77.0791,38.9084],[-77.0791,38.9082],[-77.0792,38.9079],[-77.0793,38.9076],[-77.0793,38.9073],[-77.0794,38.907],[-77.0794,38.9068],[-77.0795,38.9065],[-77.0795,38.9062],[-77.0795,38.906],[-77.0796,38.9057],[-77.0797,38.9055],[-77.0798,38.9052],[-77.0799,38.9049],[-77.08,38.9049],[-77.0801,38.9049],[-77.0802,38.9049],[-77.0803,38.9049],[-77.0804,38.9049],[-77.0805,38.9048],[-77.0806,38.9048],[-77.0807,38.9048],[-77.0808,38.9048],[-77.0809,38.9048],[-77.081,38.9048],[-77.0811,38.9048],[-77.0812,38.9048],[-77.0813,38.9048],[-77.0814,38.9048],[-77.0815,38.9048],[-77.0815,38.9047],[-77.0816,38.9047],[-77.0817,38.9047],[-77.0818,38.9047],[-77.0819,38.9047],[-77.082,38.9047],[-77.0821,38.9047],[-77.0822,38.9047],[-77.0823,38.9047],[-77.0824,38.9047],[-77.0825,38.9047],[-77.0826,38.9047],[-77.0826,38.9048],[-77.0827,38.9048],[-77.0828,38.9048],[-77.0829,38.9049],[-77.083,38.9049],[-77.0831,38.9049],[-77.0832,38.9049],[-77.0832,38.905],[-77.0833,38.905],[-77.0834,38.905],[-77.0835,38.905],[-77.0835,38.9051],[-77.0836,38.9051],[-77.0837,38.9051],[-77.0838,38.9051],[-77.0838,38.9052],[-77.0839,38.9052],[-77.084,38.9052],[-77.0841,38.9053],[-77.0841,38.9052],[-77.0842,38.9052],[-77.0842,38.9053],[-77.0843,38.9053],[-77.0843,38.9054],[-77.0844,38.9054],[-77.0845,38.9054],[-77.0846,38.9054],[-77.0847,38.9054],[-77.0847,38.9055],[-77.0848,38.9055],[-77.0849,38.9055],[-77.0849,38.9056],[-77.085,38.9056],[-77.0851,38.9056],[-77.0851,38.9057],[-77.0852,38.9057],[-77.0853,38.9057],[-77.0854,38.9057],[-77.0854,38.9058],[-77.0855,38.9058],[-77.0856,38.9058],[-77.0857,38.9058],[-77.0857,38.9059],[-77.0858,38.9059],[-77.0859,38.9059],[-77.086,38.9059],[-77.086,38.906],[-77.0861,38.906],[-77.0862,38.906],[-77.0863,38.906],[-77.0863,38.9061],[-77.0864,38.9061],[-77.0865,38.9061],[-77.0866,38.9061],[-77.0866,38.9062],[-77.0867,38.9062],[-77.0868,38.9062],[-77.0869,38.9062],[-77.087,38.9062],[-77.087,38.9063],[-77.0871,38.9063],[-77.0872,38.9063],[-77.0873,38.9063],[-77.0874,38.9063],[-77.0875,38.9063],[-77.0876,38.9063],[-77.0876,38.9064],[-77.0877,38.9064],[-77.0878,38.9064],[-77.0878,38.9065],[-77.0879,38.9065],[-77.088,38.9065],[-77.0881,38.9065],[-77.0881,38.9066],[-77.0882,38.9066],[-77.0883,38.9066],[-77.0884,38.9066],[-77.0885,38.9066],[-77.0886,38.9066],[-77.0886,38.9067],[-77.0887,38.9067],[-77.0888,38.9067],[-77.0889,38.9067],[-77.089,38.9067],[-77.0891,38.9067],[-77.0892,38.9067],[-77.0893,38.9067],[-77.0894,38.9067],[-77.0894,38.9068],[-77.0895,38.9068],[-77.0896,38.9068],[-77.0897,38.9068],[-77.0897,38.9069],[-77.0897,38.907],[-77.0898,38.907],[-77.0899,38.907],[-77.0899,38.9071],[-77.09,38.9071],[-77.0901,38.9071],[-77.0901,38.9072],[-77.0902,38.9072],[-77.0902,38.9071],[-77.0901,38.9071],[-77.0901,38.907],[-77.09,38.907],[-77.09,38.9069],[-77.0899,38.9069],[-77.0899,38.9068],[-77.0898,38.9068],[-77.0897,38.9068],[-77.0897,38.9067],[-77.0898,38.9067],[-77.0899,38.9067],[-77.0899,38.9068],[-77.09,38.9068],[-77.0901,38.9068],[-77.0901,38.9069],[-77.0902,38.9069],[-77.0902,38.907],[-77.0903,38.907],[-77.0903,38.9071],[-77.0904,38.9071],[-77.0905,38.9071],[-77.0906,38.9071],[-77.0906,38.9072],[-77.0907,38.9072],[-77.0908,38.9072],[-77.0909,38.9072],[-77.091,38.9072],[-77.0911,38.9072],[-77.0911,38.9073],[-77.0912,38.9073],[-77.0913,38.9073],[-77.0914,38.9073],[-77.0914,38.9074],[-77.0914,38.9073],[-77.0915,38.9073],[-77.0915,38.9074],[-77.0914,38.9074],[-77.0915,38.9074],[-77.0915,38.9075],[-77.0916,38.9075],[-77.0917,38.9075],[-77.0917,38.9076],[-77.0918,38.9076],[-77.0919,38.9076],[-77.092,38.9076],[-77.092,38.9077],[-77.0921,38.9077],[-77.0922,38.9077],[-77.0923,38.9077],[-77.0924,38.9077],[-77.0925,38.9077],[-77.0925,38.9078],[-77.0926,38.9078],[-77.0927,38.9078],[-77.0928,38.9078],[-77.0928,38.9079],[-77.0928,38.908],[-77.0929,38.908],[-77.093,38.9079],[-77.0931,38.9079],[-77.0932,38.9079],[-77.0933,38.9079],[-77.0934,38.9079],[-77.0935,38.908],[-77.0936,38.908],[-77.0937,38.908],[-77.0938,38.908],[-77.0938,38.9081],[-77.0939,38.9081],[-77.094,38.9081],[-77.0941,38.9081],[-77.0941,38.9082],[-77.0942,38.9082],[-77.0943,38.9082],[-77.0943,38.9083],[-77.0944,38.9083],[-77.0944,38.9084],[-77.0945,38.9084],[-77.0945,38.9085],[-77.0946,38.9085],[-77.0946,38.9086],[-77.0947,38.9086],[-77.0948,38.9087],[-77.0949,38.9087],[-77.0949,38.9088],[-77.095,38.9088],[-77.095,38.9089],[-77.0951,38.9089],[-77.0952,38.909],[-77.0953,38.909],[-77.0953,38.9091],[-77.0954,38.9091],[-77.0955,38.9092],[-77.0955,38.9091],[-77.0955,38.9092],[-77.0956,38.9092],[-77.0956,38.9093],[-77.0957,38.9093],[-77.0957,38.9094],[-77.0958,38.9094],[-77.0958,38.9095],[-77.0959,38.9096],[-77.0959,38.9095],[-77.096,38.9096],[-77.0959,38.9096],[-77.096,38.9096],[-77.096,38.9095],[-77.096,38.9096],[-77.096,38.9097],[-77.0961,38.9096],[-77.0962,38.9096],[-77.0961,38.9096],[-77.0961,38.9097],[-77.0961,38.9098],[-77.0962,38.9098],[-77.0963,38.9098],[-77.0963,38.9099],[-77.0963,38.91],[-77.0964,38.91],[-77.0964,38.9101],[-77.0965,38.9101],[-77.0966,38.9102],[-77.0967,38.9102],[-77.0968,38.9103],[-77.0969,38.9103],[-77.0969,38.9104],[-77.097,38.9104],[-77.0971,38.9104],[-77.0971,38.9105],[-77.0972,38.9105],[-77.0972,38.9106],[-77.0973,38.9106],[-77.0973,38.9107],[-77.0974,38.9107],[-77.0975,38.9107],[-77.0975,38.9108],[-77.0976,38.9108],[-77.0976,38.9109],[-77.0977,38.9109],[-77.0978,38.9109],[-77.0978,38.911],[-77.0979,38.911],[-77.098,38.9111],[-77.0981,38.9111],[-77.0981,38.9112],[-77.0982,38.9112],[-77.0983,38.9113],[-77.0984,38.9113],[-77.0984,38.9114],[-77.0985,38.9114],[-77.0986,38.9115],[-77.0987,38.9115],[-77.0987,38.9116],[-77.0988,38.9117],[-77.0987,38.9117],[-77.0986,38.9118],[-77.0987,38.9118],[-77.0988,38.9117],[-77.0989,38.9117],[-77.099,38.9117],[-77.099,38.9118],[-77.0991,38.9118],[-77.0992,38.9118],[-77.0992,38.9119],[-77.0993,38.9119],[-77.0993,38.912],[-77.0994,38.912],[-77.0994,38.9119],[-77.0995,38.9119],[-77.0995,38.912],[-77.0996,38.912],[-77.0997,38.912],[-77.0997,38.9121],[-77.0998,38.9121],[-77.0999,38.9122],[-77.1,38.9122],[-77.1,38.9123],[-77.1,38.9124],[-77.1,38.9125],[-77.1,38.9124],[-77.1,38.9125],[-77.0999,38.9125],[-77.1,38.9125],[-77.1,38.9126],[-77.1001,38.9127],[-77.1001,38.9128],[-77.1002,38.9127],[-77.1002,38.9128],[-77.1003,38.9128],[-77.1003,38.9129],[-77.1004,38.9129],[-77.1004,38.913],[-77.1004,38.9131],[-77.1004,38.9132],[-77.1005,38.9132],[-77.1005,38.9133],[-77.1006,38.9133],[-77.1006,38.9134],[-77.1006,38.9135],[-77.1007,38.9135],[-77.1008,38.9135],[-77.1008,38.9136],[-77.1009,38.9136],[-77.1009,38.9137],[-77.101,38.9137],[-77.101,38.9138],[-77.1011,38.9138],[-77.1011,38.9137],[-77.101,38.9137],[-77.101,38.9136],[-77.101,38.9135],[-77.1009,38.9134],[-77.1009,38.9133],[-77.1008,38.9133],[-77.1009,38.9133],[-77.1009,38.9132],[-77.1008,38.9132],[-77.1008,38.9131],[-77.1008,38.913],[-77.1007,38.913],[-77.1007,38.9129],[-77.1007,38.9128],[-77.1006,38.9128],[-77.1006,38.9127],[-77.1006,38.9126],[-77.1005,38.9126],[-77.1005,38.9125],[-77.1004,38.9125],[-77.1004,38.9124],[-77.1005,38.9124],[-77.1006,38.9124],[-77.1006,38.9125],[-77.1006,38.9124],[-77.1006,38.9125],[-77.1007,38.9125],[-77.1008,38.9126],[-77.1008,38.9127],[-77.1009,38.9127],[-77.1009,38.9128],[-77.1009,38.9129],[-77.101,38.9129],[-77.1011,38.9129],[-77.1011,38.913],[-77.1012,38.913],[-77.1012,38.9131],[-77.1013,38.9131],[-77.1013,38.9132],[-77.1013,38.9133],[-77.1014,38.9134],[-77.1015,38.9134],[-77.1015,38.9135],[-77.1016,38.9135],[-77.1016,38.9136],[-77.1017,38.9136],[-77.1017,38.9137],[-77.1016,38.9137],[-77.1016,38.9138],[-77.1016,38.9139],[-77.1016,38.914],[-77.1016,38.9141],[-77.1015,38.9141],[-77.1015,38.9142],[-77.1014,38.9141],[-77.1013,38.9141],[-77.1013,38.9142],[-77.1014,38.9142],[-77.1014,38.9143],[-77.1015,38.9143],[-77.1015,38.9144],[-77.1014,38.9144],[-77.1013,38.9144],[-77.1014,38.9144],[-77.1014,38.9145],[-77.1014,38.9146],[-77.1015,38.9146],[-77.1015,38.9147],[-77.1015,38.9148],[-77.1015,38.9149],[-77.1014,38.9149],[-77.1014,38.915],[-77.1013,38.9151],[-77.1013,38.9152],[-77.1014,38.9152],[-77.1014,38.9153],[-77.1013,38.9153],[-77.1013,38.9154],[-77.1013,38.9155],[-77.1014,38.9156],[-77.1014,38.9157],[-77.1014,38.9158],[-77.1015,38.9158],[-77.1015,38.9159],[-77.1016,38.916],[-77.1016,38.9161],[-77.1017,38.9161],[-77.1017,38.9162],[-77.1017,38.9163],[-77.1018,38.9163],[-77.1018,38.9164],[-77.1018,38.9165],[-77.1018,38.9166],[-77.1019,38.9166],[-77.1019,38.9167],[-77.1019,38.9168],[-77.102,38.9168],[-77.1021,38.9168],[-77.1021,38.9169],[-77.1021,38.917],[-77.1022,38.917],[-77.1022,38.9171],[-77.1023,38.9172],[-77.1023,38.9173],[-77.1023,38.9174],[-77.1024,38.9174],[-77.1024,38.9175],[-77.1025,38.9175],[-77.1025,38.9176],[-77.1025,38.9177],[-77.1025,38.9178],[-77.1025,38.9179],[-77.1025,38.918],[-77.1025,38.9181],[-77.1026,38.9181],[-77.1026,38.9182],[-77.1026,38.9183],[-77.1026,38.9184],[-77.1026,38.9185],[-77.1025,38.9185],[-77.1025,38.9186],[-77.1024,38.9186],[-77.1024,38.9187],[-77.1025,38.9187],[-77.1025,38.9188],[-77.1026,38.9188],[-77.1026,38.9187],[-77.1026,38.9186],[-77.1028,38.9188],[-77.1028,38.9189],[-77.1027,38.9188],[-77.1027,38.9187],[-77.1026,38.9187],[-77.1026,38.9188],[-77.1026,38.9189],[-77.1027,38.9189],[-77.1028,38.9189],[-77.1028,38.919],[-77.1028,38.9191],[-77.1028,38.9192],[-77.1027,38.9192],[-77.1027,38.9193],[-77.1026,38.9193],[-77.1026,38.9194],[-77.1026,38.9195],[-77.1025,38.9195],[-77.1025,38.9196],[-77.1025,38.9197],[-77.1025,38.9198],[-77.1024,38.9198],[-77.1023,38.9198],[-77.1022,38.9198],[-77.1022,38.9199],[-77.1023,38.9199],[-77.1024,38.9199],[-77.1025,38.9199],[-77.1025,38.9198],[-77.1026,38.9198],[-77.1026,38.9197],[-77.1026,38.9196],[-77.1026,38.9195],[-77.1027,38.9194],[-77.1028,38.9194],[-77.1028,38.9193],[-77.1029,38.9193],[-77.103,38.9193],[-77.1031,38.9193],[-77.1032,38.9193],[-77.1032,38.9192],[-77.1033,38.9192],[-77.1033,38.9191],[-77.1033,38.919],[-77.1034,38.919],[-77.1035,38.919],[-77.1035,38.9191],[-77.1036,38.9191],[-77.1037,38.9191],[-77.1036,38.9191],[-77.1036,38.919],[-77.1035,38.919],[-77.1034,38.919],[-77.1034,38.9189],[-77.1033,38.9189],[-77.1033,38.9188],[-77.1033,38.9187],[-77.1034,38.9187],[-77.1034,38.9186],[-77.1035,38.9186],[-77.1036,38.9186],[-77.1036,38.9185],[-77.1036,38.9186],[-77.1037,38.9186],[-77.1037,38.9187],[-77.1038,38.9187],[-77.1038,38.9188],[-77.1039,38.9188],[-77.104,38.9188],[-77.104,38.9189],[-77.1041,38.9189],[-77.1041,38.9188],[-77.1042,38.9188],[-77.1042,38.9189],[-77.1041,38.9189],[-77.1041,38.919],[-77.1042,38.919],[-77.1043,38.919],[-77.1044,38.919],[-77.1044,38.9191],[-77.1044,38.9192],[-77.1044,38.9193],[-77.1045,38.9193],[-77.1045,38.9194],[-77.1046,38.9194],[-77.1047,38.9195],[-77.1046,38.9195],[-77.1045,38.9195],[-77.1044,38.9195],[-77.1045,38.9195],[-77.1046,38.9195],[-77.1046,38.9196],[-77.1047,38.9196],[-77.1048,38.9196],[-77.1048,38.9197],[-77.1049,38.9197],[-77.1049,38.9198],[-77.105,38.9198],[-77.105,38.9199],[-77.1051,38.9199],[-77.1051,38.92],[-77.1052,38.92],[-77.1052,38.9201],[-77.1052,38.9202],[-77.1052,38.9203],[-77.1053,38.9203],[-77.1053,38.9204],[-77.1053,38.9205],[-77.1054,38.9205],[-77.1054,38.9206],[-77.1055,38.9206],[-77.1055,38.9207],[-77.1056,38.9207],[-77.1057,38.9208],[-77.1058,38.9208],[-77.1059,38.9208],[-77.106,38.9208],[-77.1061,38.9208],[-77.1062,38.9208],[-77.1062,38.9209],[-77.1063,38.9209],[-77.1063,38.921],[-77.1064,38.921],[-77.1065,38.921],[-77.1065,38.9211],[-77.1066,38.9211],[-77.1065,38.9211],[-77.1065,38.9212],[-77.1066,38.9212],[-77.1066,38.9213],[-77.1067,38.9213],[-77.1068,38.9213],[-77.1069,38.9213],[-77.1069,38.9214],[-77.107,38.9214],[-77.1071,38.9214],[-77.1071,38.9215],[-77.1072,38.9215],[-77.1072,38.9216],[-77.1073,38.9216],[-77.1073,38.9217],[-77.1074,38.9217],[-77.1074,38.9218],[-77.1075,38.9218],[-77.1075,38.9219],[-77.1076,38.9219],[-77.1076,38.922],[-77.1077,38.922],[-77.1077,38.9221],[-77.1078,38.9222],[-77.1079,38.9222],[-77.108,38.9222],[-77.1081,38.9222],[-77.1082,38.9222],[-77.1082,38.9223],[-77.1083,38.9223],[-77.1083,38.9222],[-77.1084,38.9222],[-77.1084,38.9223],[-77.1084,38.9224],[-77.1085,38.9224],[-77.1086,38.9224],[-77.1086,38.9225],[-77.1086,38.9226],[-77.1086,38.9227],[-77.1086,38.9228],[-77.1087,38.9228],[-77.1088,38.9228],[-77.1088,38.9229],[-77.1089,38.9229],[-77.1089,38.923],[-77.1089,38.9229],[-77.109,38.9229],[-77.1091,38.9229],[-77.1091,38.9228],[-77.1092,38.9228],[-77.1092,38.9229],[-77.1091,38.9229],[-77.1091,38.923],[-77.1091,38.9231],[-77.1092,38.9231],[-77.1092,38.9232],[-77.1093,38.9232],[-77.1093,38.9233],[-77.1094,38.9233],[-77.1094,38.9232],[-77.1093,38.9232],[-77.1093,38.9231],[-77.1094,38.9231],[-77.1093,38.9231],[-77.1094,38.9231],[-77.1095,38.9231],[-77.1095,38.9232],[-77.1095,38.9233],[-77.1096,38.9233],[-77.1096,38.9234],[-77.1096,38.9233],[-77.1097,38.9233],[-77.1097,38.9234],[-77.1097,38.9235],[-77.1097,38.9236],[-77.1098,38.9235],[-77.1098,38.9234],[-77.1099,38.9234],[-77.11,38.9235],[-77.11,38.9236],[-77.1101,38.9236],[-77.1102,38.9236],[-77.1102,38.9237],[-77.1102,38.9238],[-77.1101,38.9238],[-77.1101,38.9239],[-77.1101,38.9238],[-77.1101,38.9239],[-77.11,38.9239],[-77.1099,38.9239],[-77.1098,38.924],[-77.1099,38.924],[-77.1099,38.9241],[-77.11,38.9241],[-77.1101,38.9241],[-77.1101,38.9242],[-77.1102,38.9242],[-77.1103,38.9243],[-77.1103,38.9242],[-77.1104,38.9242],[-77.1104,38.9243],[-77.1105,38.9242],[-77.1105,38.9243],[-77.1105,38.9242],[-77.1106,38.9242],[-77.1106,38.9243],[-77.1106,38.9244],[-77.1107,38.9244],[-77.1107,38.9245],[-77.1108,38.9244],[-77.1109,38.9244],[-77.111,38.9244],[-77.111,38.9245],[-77.1111,38.9245],[-77.1112,38.9245],[-77.1113,38.9245],[-77.1113,38.9246],[-77.1113,38.9247],[-77.1114,38.9247],[-77.1114,38.9246],[-77.1114,38.9247],[-77.1115,38.9247],[-77.1115,38.9248],[-77.1114,38.9248],[-77.1114,38.9249],[-77.1115,38.9249],[-77.1115,38.925],[-77.1115,38.9249],[-77.1116,38.9249],[-77.1116,38.925],[-77.1116,38.9249],[-77.1117,38.9249],[-77.1117,38.925],[-77.1117,38.9251],[-77.1117,38.9252],[-77.1118,38.9252],[-77.1118,38.9253],[-77.1119,38.9253],[-77.112,38.9253],[-77.112,38.9254],[-77.112,38.9255],[-77.1121,38.9255],[-77.1121,38.9256],[-77.1122,38.9256],[-77.1123,38.9256],[-77.1123,38.9257],[-77.1124,38.9257],[-77.1124,38.9258],[-77.1125,38.9258],[-77.1125,38.9259],[-77.1126,38.9259],[-77.1127,38.9259],[-77.1127,38.926],[-77.1128,38.926],[-77.1129,38.9261],[-77.113,38.9262],[-77.113,38.9261],[-77.113,38.9262],[-77.1131,38.9262],[-77.1131,38.9263],[-77.1132,38.9263],[-77.1133,38.9263],[-77.1133,38.9264],[-77.1133,38.9265],[-77.1134,38.9265],[-77.1134,38.9264],[-77.1135,38.9264],[-77.1134,38.9264],[-77.1134,38.9265],[-77.1134,38.9266],[-77.1135,38.9266],[-77.1135,38.9265],[-77.1136,38.9265],[-77.1136,38.9266],[-77.1135,38.9266],[-77.1136,38.9266],[-77.1136,38.9267],[-77.1137,38.9267],[-77.1137,38.9268],[-77.1137,38.9269],[-77.1137,38.927],[-77.1138,38.927],[-77.1138,38.9271],[-77.1139,38.9271],[-77.114,38.9271],[-77.114,38.9272],[-77.114,38.9271],[-77.114,38.9272],[-77.1141,38.9272],[-77.1141,38.9273],[-77.1141,38.9274],[-77.1142,38.9274],[-77.1143,38.9275],[-77.1144,38.9275],[-77.1144,38.9276],[-77.1144,38.9275],[-77.1144,38.9276],[-77.1145,38.9276],[-77.1144,38.9276],[-77.1145,38.9277],[-77.1146,38.9277],[-77.1146,38.9278],[-77.1147,38.9278],[-77.1147,38.9279],[-77.1148,38.9279],[-77.1149,38.928],[-77.115,38.928],[-77.115,38.9281],[-77.1149,38.928],[-77.1149,38.9281],[-77.115,38.9281],[-77.115,38.9282],[-77.1151,38.9281],[-77.1151,38.9282],[-77.1152,38.9282],[-77.1152,38.9283],[-77.1152,38.9284],[-77.1152,38.9283],[-77.1153,38.9283],[-77.1153,38.9284],[-77.1152,38.9284],[-77.1153,38.9284],[-77.1154,38.9284],[-77.1154,38.9285],[-77.1155,38.9285],[-77.1155,38.9286],[-77.1155,38.9287],[-77.1154,38.9287],[-77.1155,38.9287],[-77.1155,38.9288],[-77.1154,38.9288],[-77.1155,38.9288],[-77.1155,38.9289],[-77.1155,38.929],[-77.1155,38.9291],[-77.1156,38.9291],[-77.1156,38.929],[-77.1157,38.929],[-77.1158,38.929],[-77.1158,38.9291],[-77.1159,38.9291],[-77.1159,38.9292],[-77.1159,38.9293],[-77.1159,38.9294],[-77.116,38.9294],[-77.116,38.9295],[-77.1159,38.9295],[-77.1159,38.9296],[-77.116,38.9296],[-77.116,38.9297],[-77.1161,38.9297],[-77.1161,38.9298],[-77.116,38.9299],[-77.1159,38.9299],[-77.116,38.9299],[-77.116,38.93],[-77.1159,38.93],[-77.1159,38.9301],[-77.116,38.9301],[-77.116,38.9302],[-77.116,38.9303],[-77.116,38.9304],[-77.1161,38.9304],[-77.1161,38.9305],[-77.116,38.9305],[-77.116,38.9306],[-77.1161,38.9306],[-77.1161,38.9307],[-77.1162,38.9307],[-77.1162,38.9308],[-77.1163,38.9308],[-77.1163,38.9307],[-77.1164,38.9307],[-77.1164,38.9308],[-77.1164,38.9309],[-77.1165,38.9309],[-77.1165,38.931],[-77.1165,38.9311],[-77.1164,38.9311],[-77.1164,38.9312],[-77.1165,38.9312],[-77.1165,38.9313],[-77.1165,38.9314],[-77.1164,38.9314],[-77.1164,38.9313],[-77.1163,38.9313],[-77.1163,38.9314],[-77.1163,38.9315],[-77.1164,38.9315],[-77.1164,38.9316],[-77.1164,38.9317],[-77.1164,38.9318],[-77.1165,38.9318],[-77.1165,38.9319],[-77.1165,38.932],[-77.1166,38.932],[-77.1166,38.9321],[-77.1166,38.932],[-77.1167,38.932],[-77.1167,38.9321],[-77.1168,38.9321],[-77.1169,38.9321],[-77.1169,38.9322],[-77.1169,38.9323],[-77.117,38.9323],[-77.117,38.9324],[-77.117,38.9325],[-77.1171,38.9325],[-77.1171,38.9326],[-77.1172,38.9326],[-77.1171,38.9327],[-77.1171,38.9328],[-77.117,38.9328],[-77.117,38.9329],[-77.1171,38.9329],[-77.1171,38.9328],[-77.1172,38.9328],[-77.1172,38.9327],[-77.1173,38.9327],[-77.1174,38.9327],[-77.1174,38.9328],[-77.1175,38.9328],[-77.1176,38.9328],[-77.1177,38.9329],[-77.1178,38.9329],[-77.1178,38.933],[-77.1177,38.933],[-77.1178,38.933],[-77.1178,38.9331],[-77.1178,38.9332],[-77.1179,38.9332],[-77.1179,38.9333],[-77.1179,38.9334],[-77.1179,38.9335],[-77.118,38.9335],[-77.118,38.9336],[-77.1181,38.9336],[-77.1182,38.9336],[-77.1183,38.9336],[-77.1183,38.9337],[-77.1182,38.9338],[-77.1183,38.9338],[-77.1183,38.9339],[-77.1184,38.9339],[-77.1184,38.934],[-77.1185,38.934],[-77.1186,38.9341],[-77.1187,38.9342],[-77.1188,38.9343],[-77.1189,38.9343],[-77.119,38.9344],[-77.1191,38.9344],[-77.1191,38.9345],[-77.1191,38.9346],[-77.1192,38.9346],[-77.1193,38.9346],[-77.1193,38.9347],[-77.1171,38.9365],[-77.117,38.9366],[-77.1166,38.9368],[-77.1148,38.9383],[-77.1125,38.94],[-77.1088,38.943],[-77.1053,38.9457],[-77.1052,38.9458],[-77.1014,38.9487],[-77.1011,38.949],[-77.1006,38.9487],[-77.1004,38.9485],[-77.1001,38.9483],[-77.0996,38.9479],[-77.0995,38.9478],[-77.0993,38.9477],[-77.0988,38.9473],[-77.0984,38.9471],[-77.0983,38.947],[-77.0975,38.9464],[-77.0973,38.9462],[-77.0967,38.9458],[-77.0947,38.9443],[-77.0946,38.9443],[-77.0942,38.944],[-77.0939,38.9438],[-77.0937,38.9436],[-77.0934,38.9434],[-77.0931,38.9432],[-77.0928,38.943],[-77.0926,38.9428],[-77.0925,38.9427],[-77.092,38.9424],[-77.0919,38.9423],[-77.0915,38.942],[-77.091,38.9417],[-77.0909,38.9415],[-77.0903,38.9411],[-77.0901,38.941],[-77.0896,38.9407],[-77.0895,38.9405],[-77.0892,38.9403],[-77.0888,38.9401],[-77.0885,38.9398],[-77.0881,38.9395],[-77.0875,38.9391],[-77.0872,38.9389],[-77.087,38.9387],[-77.0866,38.9384],[-77.0862,38.9382],[-77.0861,38.9381],[-77.0859,38.9379]]]]}},{"type":"Feature","properties":{"i":13},"geometry":{"type":"MultiPolygon","coordinates":[[[[-76.944,38.9163],[-76.9438,38.9164],[-76.9436,38.9165],[-76.9434,38.9167],[-76.9432,38.9168],[-76.9431,38.9169],[-76.943,38.917],[-76.9429,38.9171],[-76.9428,38.9171],[-76.9427,38.9172],[-76.9426,38.9173],[-76.9424,38.9174],[-76.9423,38.9175],[-76.9421,38.9176],[-76.9421,38.9177],[-76.942,38.9177],[-76.942,38.9179],[-76.9419,38.918],[-76.9417,38.9181],[-76.9416,38.9182],[-76.9415,38.9183],[-76.9392,38.9164],[-76.9342,38.9125],[-76.934,38.9124],[-76.9356,38.9106],[-76.9388,38.9069],[-76.94,38.9056],[-76.9414,38.9043],[-76.9436,38.9025],[-76.9437,38.9024],[-76.9446,38.9028],[-76.9448,38.903],[-76.945,38.903],[-76.9452,38.9032],[-76.9475,38.906],[-76.9493,38.9081],[-76.9501,38.9087],[-76.9508,38.909],[-76.9549,38.9097],[-76.9546,38.9101],[-76.9543,38.9104],[-76.9541,38.9107],[-76.954,38.9108],[-76.954,38.9109],[-76.9539,38.9109],[-76.9539,38.911],[-76.9538,38.9112],[-76.9538,38.9113],[-76.9537,38.9113],[-76.9537,38.9114],[-76.9537,38.9115],[-76.9537,38.9116],[-76.9536,38.9116],[-76.9536,38.9117],[-76.9536,38.9118],[-76.9536,38.9119],[-76.9536,38.912],[-76.9535,38.912],[-76.9535,38.9121],[-76.9535,38.9122],[-76.9535,38.9123],[-76.9535,38.9124],[-76.9535,38.9125],[-76.9535,38.9126],[-76.9535,38.9127],[-76.9535,38.9128],[-76.9535,38.9129],[-76.9535,38.913],[-76.9534,38.913],[-76.9534,38.9131],[-76.9534,38.9132],[-76.9534,38.9133],[-76.9534,38.9134],[-76.9535,38.9134],[-76.9535,38.9135],[-76.9535,38.9136],[-76.9535,38.9137],[-76.9535,38.9138],[-76.9535,38.9139],[-76.9534,38.914],[-76.9534,38.9141],[-76.9533,38.9141],[-76.9533,38.9142],[-76.9532,38.9142],[-76.9532,38.9143],[-76.9531,38.9143],[-76.953,38.9143],[-76.953,38.9144],[-76.9529,38.9144],[-76.9528,38.9144],[-76.9527,38.9144],[-76.9527,38.9145],[-76.9526,38.9145],[-76.9525,38.9145],[-76.9523,38.9145],[-76.9522,38.9145],[-76.9521,38.9145],[-76.9519,38.9145],[-76.9518,38.9145],[-76.9517,38.9145],[-76.9515,38.9145],[-76.9514,38.9145],[-76.9513,38.9145],[-76.9511,38.9145],[-76.9509,38.9146],[-76.9501,38.9146],[-76.9493,38.9146],[-76.9486,38.9146],[-76.9476,38.9147],[-76.947,38.9147],[-76.9469,38.9147],[-76.9468,38.9147],[-76.9467,38.9147],[-76.9466,38.9147],[-76.9465,38.9147],[-76.9464,38.9147],[-76.9463,38.9148],[-76.9462,38.9148],[-76.9461,38.9148],[-76.946,38.9148],[-76.946,38.9149],[-76.9459,38.9149],[-76.9458,38.9149],[-76.9458,38.915],[-76.9457,38.915],[-76.9457,38.9151],[-76.9456,38.9151],[-76.9455,38.9151],[-76.9455,38.9152],[-76.9454,38.9152],[-76.9454,38.9153],[-76.9453,38.9153],[-76.9452,38.9153],[-76.9452,38.9154],[-76.9451,38.9154],[-76.9451,38.9155],[-76.945,38.9155],[-76.9449,38.9155],[-76.9449,38.9156],[-76.9448,38.9156],[-76.9448,38.9157],[-76.9447,38.9157],[-76.9447,38.9158],[-76.9446,38.9158],[-76.9445,38.9159],[-76.9444,38.9159],[-76.9444,38.916],[-76.9443,38.916],[-76.9443,38.9161],[-76.9442,38.9161],[-76.9441,38.9162],[-76.944,38.9162],[-76.944,38.9163]]]]}},{"type":"Feature","properties":{"i":21},"geometry":{"type":"MultiPolygon","coordinates":[[[[-77.0046,38.9089],[-77.0026,38.9096],[-77.0017,38.9099],[-77.0005,38.9103],[-76.9994,38.9107],[-76.9983,38.911],[-76.9977,38.9112],[-76.9963,38.9118],[-76.9952,38.9122],[-76.9942,38.9125],[-76.9928,38.913],[-76.9924,38.9131],[-76.9919,38.9133],[-76.9908,38.9137],[-76.9891,38.9142],[-76.9879,38.9147],[-76.9861,38.9153],[-76.9844,38.9159],[-76.9828,38.9165],[-76.9817,38.9169],[-76.981,38.9171],[-76.9807,38.9171],[-76.9803,38.9172],[-76.9796,38.9172],[-76.9782,38.9172],[-76.9772,38.9173],[-76.9759,38.9173],[-76.9744,38.9173],[-76.9732,38.9173],[-76.9725,38.9173],[-76.9724,38.9174],[-76.9721,38.9174],[-76.9717,38.9174],[-76.9708,38.9174],[-76.9701,38.9174],[-76.9697,38.9174],[-76.9686,38.9174],[-76.9685,38.9173],[-76.9688,38.9166],[-76.9693,38.9153],[-76.9696,38.9143],[-76.9699,38.9141],[-76.9702,38.9139],[-76.9706,38.9135],[-76.9709,38.9133],[-76.9711,38.913],[-76.9712,38.9128],[-76.9713,38.9126],[-76.9714,38.9126],[-76.9716,38.9126],[-76.9738,38.9126],[-76.9751,38.9126],[-76.9758,38.9126],[-76.9762,38.9126],[-76.9763,38.9125],[-76.9766,38.9116],[-76.977,38.9104],[-76.9773,38.9095],[-76.9778,38.9088],[-76.9781,38.9082],[-76.9783,38.9078],[-76.978,38.9076],[-76.978,38.9074],[-76.9784,38.9074],[-76.9784,38.9073],[-76.976,38.9063],[-76.975,38.9059],[-76.975,38.9056],[-76.9742,38.9056],[-76.9727,38.9056],[-76.9724,38.9056],[-76.9717,38.9056],[-76.9702,38.9056],[-76.9703,38.9055],[-76.9711,38.9051],[-76.9719,38.9048],[-76.9725,38.9046],[-76.9721,38.9041],[-76.9719,38.9038],[-76.9718,38.9036],[-76.9716,38.9035],[-76.9715,38.9035],[-76.9709,38.9035],[-76.9702,38.9035],[-76.9702,38.9028],[-76.9702,38.9015],[-76.9702,38.9004],[-76.9702,38.8996],[-76.9702,38.8989],[-76.9702,38.8986],[-76.9703,38.8984],[-76.9703,38.8982],[-76.9704,38.898],[-76.9704,38.8979],[-76.9704,38.8978],[-76.9708,38.8979],[-76.9714,38.898],[-76.9724,38.8982],[-76.9734,38.8984],[-76.9746,38.8986],[-76.9756,38.8988],[-76.9765,38.8989],[-76.9775,38.8991],[-76.9784,38.8992],[-76.9793,38.8994],[-76.9804,38.8996],[-76.9811,38.8997],[-76.9818,38.8999],[-76.9822,38.8999],[-76.9826,38.9],[-76.983,38.9001],[-76.9834,38.9001],[-76.9837,38.9002],[-76.984,38.9002],[-76.9842,38.9002],[-76.9844,38.9003],[-76.9847,38.9005],[-76.9852,38.9007],[-76.9855,38.9008],[-76.9856,38.9008],[-76.9859,38.9009],[-76.9867,38.9013],[-76.9873,38.9015],[-76.9878,38.9017],[-76.9883,38.9019],[-76.9887,38.9021],[-76.9891,38.9023],[-76.9897,38.9025],[-76.9903,38.9028],[-76.9915,38.9033],[-76.9926,38.9038],[-76.9931,38.904],[-76.9939,38.9043],[-76.9945,38.9046],[-76.9949,38.9048],[-76.9952,38.9049],[-76.9962,38.9053],[-76.9965,38.9054],[-76.9971,38.9057],[-76.9978,38.906],[-76.9985,38.9063],[-76.9993,38.9067],[-76.9996,38.9068],[-77.0005,38.9072],[-77.0011,38.9074],[-77.0015,38.9076],[-77.0019,38.9077],[-77.0023,38.9079],[-77.0031,38.9083],[-77.0038,38.9086],[-77.0045,38.9089],[-77.0046,38.9089]]]]}},{"type":"Feature","properties":{"i":17},"geometry":{"type":"MultiPolygon","coordinates":[[[[-77.0697,38.9039],[-77.0698,38.9039],[-77.0699,38.9039],[-77.0699,38.904],[-77.07,38.904],[-77.0701,38.904],[-77.0702,38.904],[-77.0702,38.9041],[-77.0703,38.9041],[-77.0704,38.9041],[-77.0705,38.9041],[-77.0705,38.9042],[-77.0706,38.9042],[-77.0707,38.9042],[-77.0708,38.9042],[-77.0709,38.9042],[-77.071,38.9042],[-77.0711,38.9042],[-77.0712,38.9042],[-77.0712,38.9043],[-77.0713,38.9043],[-77.0714,38.9043],[-77.0715,38.9043],[-77.0716,38.9043],[-77.0716,38.9044],[-77.0717,38.9044],[-77.0718,38.9044],[-77.0719,38.9044],[-77.072,38.9044],[-77.0721,38.9044],[-77.0722,38.9044],[-77.0723,38.9044],[-77.0724,38.9044],[-77.0725,38.9044],[-77.0725,38.9045],[-77.0726,38.9045],[-77.0727,38.9045],[-77.0728,38.9045],[-77.0729,38.9045],[-77.073,38.9045],[-77.0731,38.9045],[-77.0731,38.9046],[-77.0732,38.9046],[-77.0733,38.9046],[-77.0734,38.9046],[-77.0735,38.9046],[-77.0736,38.9046],[-77.0737,38.9046],[-77.0738,38.9046],[-77.0739,38.9046],[-77.074,38.9046],[-77.0741,38.9046],[-77.0742,38.9046],[-77.0743,38.9047],[-77.0744,38.9047],[-77.0745,38.9047],[-77.0749,38.9047],[-77.075,38.9047],[-77.0751,38.9047],[-77.0752,38.9047],[-77.0753,38.9047],[-77.0754,38.9047],[-77.0755,38.9047],[-77.0756,38.9047],[-77.0756,38.9048],[-77.0757,38.9048],[-77.0758,38.9048],[-77.0758,38.9049],[-77.0759,38.9049],[-77.0759,38.9048],[-77.076,38.9048],[-77.0761,38.9048],[-77.0762,38.9048],[-77.0763,38.9048],[-77.0764,38.9048],[-77.0765,38.9048],[-77.0766,38.9048],[-77.0767,38.9048],[-77.0768,38.9048],[-77.0769,38.9048],[-77.077,38.9048],[-77.0771,38.9048],[-77.0772,38.9048],[-77.0773,38.9048],[-77.0774,38.9048],[-77.0775,38.9048],[-77.0776,38.9048],[-77.0776,38.9049],[-77.0777,38.9049],[-77.0778,38.9049],[-77.0778,38.9048],[-77.0779,38.9048],[-77.078,38.9048],[-77.0781,38.9048],[-77.0781,38.9049],[-77.0782,38.9049],[-77.0783,38.9049],[-77.0784,38.9049],[-77.0785,38.9049],[-77.0786,38.9049],[-77.0787,38.9049],[-77.0787,38.905],[-77.0788,38.905],[-77.0788,38.9051],[-77.0788,38.9052],[-77.0788,38.9053],[-77.0789,38.9053],[-77.079,38.9053],[-77.0791,38.9053],[-77.0792,38.9053],[-77.0792,38.9052],[-77.0791,38.9052],[-77.0791,38.9051],[-77.0791,38.905],[-77.0792,38.9049],[-77.0793,38.9049],[-77.0794,38.9049],[-77.0795,38.9049],[-77.0796,38.9049],[-77.0797,38.9049],[-77.0798,38.9049],[-77.0799,38.9049],[-77.0798,38.9052],[-77.0797,38.9055],[-77.0796,38.9057],[-77.0795,38.906],[-77.0795,38.9062],[-77.0795,38.9065],[-77.0794,38.9068],[-77.0794,38.907],[-77.0793,38.9073],[-77.0793,38.9076],[-77.0792,38.9079],[-77.0791,38.9082],[-77.0791,38.9084],[-77.079,38.9087],[-77.0789,38.9089],[-77.079,38.9092],[-77.0791,38.9095],[-77.0792,38.9098],[-77.0793,38.91],[-77.0794,38.9103],[-77.0795,38.9107],[-77.0796,38.9111],[-77.0798,38.9116],[-77.08,38.9123],[-77.0802,38.9127],[-77.0804,38.9131],[-77.0805,38.9134],[-77.0807,38.9136],[-77.0809,38.9137],[-77.081,38.9139],[-77.0812,38.914],[-77.0814,38.9141],[-77.0815,38.9142],[-77.0816,38.9142],[-77.0817,38.9143],[-77.0816,38.9144],[-77.0816,38.9145],[-77.0816,38.9146],[-77.0816,38.9147],[-77.0816,38.9148],[-77.0816,38.9149],[-77.0817,38.915],[-77.0817,38.9151],[-77.0817,38.9152],[-77.0818,38.9153],[-77.0819,38.9154],[-77.0819,38.9155],[-77.0819,38.9156],[-77.0819,38.9157],[-77.082,38.9158],[-77.0821,38.9158],[-77.0822,38.9158],[-77.0823,38.9159],[-77.0823,38.916],[-77.0824,38.9161],[-77.0825,38.9163],[-77.0826,38.9164],[-77.0827,38.9165],[-77.0826,38.9169],[-77.0826,38.917],[-77.0826,38.9173],[-77.0825,38.9174],[-77.0823,38.9177],[-77.0822,38.9179],[-77.0818,38.9181],[-77.0813,38.9183],[-77.0808,38.9184],[-77.0804,38.9185],[-77.0799,38.9186],[-77.0795,38.9186],[-77.0791,38.9186],[-77.0787,38.9186],[-77.0783,38.9186],[-77.078,38.9186],[-77.0776,38.9185],[-77.0773,38.9185],[-77.077,38.9185],[-77.0766,38.9185],[-77.0762,38.9185],[-77.0758,38.9184],[-77.0755,38.9184],[-77.0753,38.9183],[-77.0752,38.9182],[-77.0751,38.9181],[-77.0749,38.918],[-77.0749,38.9179],[-77.0748,38.9178],[-77.0748,38.9177],[-77.0748,38.9176],[-77.0746,38.9174],[-77.0745,38.9173],[-77.0744,38.9172],[-77.0741,38.9171],[-77.0738,38.9171],[-77.0734,38.917],[-77.0729,38.9169],[-77.0727,38.9169],[-77.0724,38.9168],[-77.0721,38.9168],[-77.0718,38.9167],[-77.0714,38.9167],[-77.0711,38.9167],[-77.0708,38.9167],[-77.0703,38.9168],[-77.0699,38.9168],[-77.0696,38.9168],[-77.0693,38.9169],[-77.0691,38.9169],[-77.0688,38.917],[-77.0686,38.917],[-77.0685,38.9171],[-77.0683,38.9172],[-77.068,38.9173],[-77.0678,38.9174],[-77.0676,38.9175],[-77.0674,38.9177],[-77.0672,38.9178],[-77.067,38.918],[-77.0667,38.9182],[-77.0664,38.9184],[-77.0661,38.9186],[-77.0657,38.9186],[-77.0656,38.9183],[-77.0656,38.9181],[-77.0655,38.9178],[-77.0654,38.9174],[-77.0653,38.9171],[-77.0652,38.9168],[-77.0651,38.9166],[-77.065,38.9164],[-77.0649,38.9162],[-77.0649,38.9161],[-77.0648,38.9161],[-77.0646,38.916],[-77.0645,38.916],[-77.0644,38.9159],[-77.0642,38.9158],[-77.0641,38.9158],[-77.064,38.9158],[-77.0638,38.9158],[-77.0637,38.9159],[-77.0636,38.9159],[-77.0635,38.9159],[-77.0633,38.916],[-77.0632,38.916],[-77.063,38.916],[-77.0629,38.9159],[-77.0626,38.9159],[-77.0625,38.9158],[-77.0624,38.9158],[-77.0622,38.9157],[-77.0621,38.9157],[-77.062,38.9157],[-77.0618,38.9156],[-77.0617,38.9156],[-77.0615,38.9156],[-77.0614,38.9155],[-77.0612,38.9154],[-77.0611,38.9154],[-77.061,38.9154],[-77.0609,38.9155],[-77.0608,38.9155],[-77.0607,38.9155],[-77.0606,38.9155],[-77.0604,38.9155],[-77.0602,38.9155],[-77.06,38.9155],[-77.0598,38.9156],[-77.0597,38.9156],[-77.0596,38.9157],[-77.0594,38.9158],[-77.0592,38.9159],[-77.0591,38.9159],[-77.0589,38.9159],[-77.0588,38.9156],[-77.0588,38.9155],[-77.0586,38.9154],[-77.0585,38.9153],[-77.0581,38.9151],[-77.0565,38.9139],[-77.056,38.9136],[-77.0556,38.9134],[-77.0554,38.9131],[-77.0551,38.9129],[-77.0547,38.9127],[-77.0542,38.9125],[-77.0535,38.9123],[-77.0532,38.9122],[-77.0529,38.9121],[-77.0527,38.912],[-77.0526,38.912],[-77.0525,38.9119],[-77.0524,38.9118],[-77.0523,38.9117],[-77.0522,38.9117],[-77.0521,38.9116],[-77.0518,38.9114],[-77.0517,38.9113],[-77.0516,38.9111],[-77.0514,38.911],[-77.0512,38.9108],[-77.0511,38.9106],[-77.0507,38.9102],[-77.0504,38.9099],[-77.0502,38.9098],[-77.0501,38.9096],[-77.0501,38.9094],[-77.0503,38.9092],[-77.0505,38.909],[-77.0509,38.9089],[-77.0512,38.9088],[-77.0515,38.9088],[-77.0518,38.9088],[-77.0522,38.9089],[-77.0526,38.9089],[-77.0529,38.9088],[-77.0532,38.9087],[-77.0535,38.9085],[-77.0537,38.9082],[-77.0539,38.9079],[-77.0542,38.9077],[-77.0544,38.9074],[-77.0545,38.9071],[-77.0546,38.9068],[-77.0548,38.9065],[-77.055,38.9061],[-77.0552,38.9057],[-77.0554,38.9053],[-77.0556,38.9051],[-77.0558,38.9048],[-77.056,38.9046],[-77.0562,38.9042],[-77.0565,38.904],[-77.0566,38.9038],[-77.0569,38.9037],[-77.057,38.9035],[-77.0571,38.9033],[-77.0573,38.9031],[-77.0575,38.9029],[-77.0576,38.9027],[-77.0578,38.9024],[-77.058,38.9022],[-77.0582,38.902],[-77.0583,38.9018],[-77.0584,38.9015],[-77.0585,38.9013],[-77.0585,38.9012],[-77.0587,38.9011],[-77.059,38.9007],[-77.0591,38.9008],[-77.0592,38.9008],[-77.0595,38.9009],[-77.0598,38.901],[-77.06,38.9011],[-77.0601,38.9011],[-77.0602,38.9011],[-77.0603,38.9011],[-77.0604,38.9012],[-77.0605,38.9012],[-77.0606,38.9013],[-77.0611,38.9015],[-77.0612,38.9015],[-77.0612,38.9016],[-77.0613,38.9016],[-77.0614,38.9016],[-77.0615,38.9016],[-77.0616,38.9016],[-77.0616,38.9017],[-77.0617,38.9017],[-77.0618,38.9017],[-77.0623,38.9019],[-77.0626,38.902],[-77.0627,38.9021],[-77.0629,38.9021],[-77.0632,38.9021],[-77.0637,38.9022],[-77.0644,38.9024],[-77.0648,38.9024],[-77.0649,38.9024],[-77.065,38.9024],[-77.065,38.9025],[-77.0651,38.9025],[-77.0652,38.9025],[-77.0653,38.9026],[-77.0654,38.9026],[-77.0655,38.9026],[-77.0656,38.9027],[-77.0657,38.9027],[-77.0658,38.9027],[-77.0659,38.9028],[-77.066,38.9028],[-77.0661,38.9028],[-77.0661,38.9029],[-77.0662,38.903],[-77.0664,38.9031],[-77.0665,38.9031],[-77.0667,38.9031],[-77.0668,38.9031],[-77.0668,38.9032],[-77.0669,38.9031],[-77.0673,38.9032],[-77.0677,38.9033],[-77.0677,38.9034],[-77.0678,38.9034],[-77.0678,38.9035],[-77.0679,38.9035],[-77.068,38.9035],[-77.0681,38.9035],[-77.0682,38.9035],[-77.0682,38.9036],[-77.0683,38.9036],[-77.0684,38.9036],[-77.0685,38.9036],[-77.0685,38.9037],[-77.0686,38.9037],[-77.0687,38.9037],[-77.0688,38.9037],[-77.0688,38.9038],[-77.0689,38.9038],[-77.069,38.9038],[-77.0692,38.9038],[-77.0693,38.9039],[-77.0694,38.9039],[-77.0695,38.9039],[-77.0697,38.9039]]]]}},{"type":"Feature","properties":{"i":12},"geometry":{"type":"MultiPolygon","coordinates":[[[[-77.0352,38.9001],[-77.0352,38.8995],[-77.0352,38.899],[-77.0351,38.8988],[-77.0379,38.8988],[-77.0393,38.8987],[-77.0395,38.8988],[-77.0417,38.8996],[-77.0435,38.9002],[-77.0449,38.9007],[-77.0467,38.9013],[-77.0483,38.9019],[-77.0487,38.9021],[-77.0488,38.9021],[-77.0495,38.9023],[-77.0495,38.9025],[-77.0495,38.9027],[-77.0495,38.9028],[-77.0496,38.9029],[-77.0497,38.903],[-77.0496,38.9032],[-77.0493,38.9034],[-77.0491,38.9037],[-77.0487,38.9041],[-77.0486,38.9042],[-77.0484,38.9043],[-77.0482,38.9046],[-77.0479,38.9049],[-77.0474,38.9054],[-77.0473,38.9055],[-77.047,38.9059],[-77.0466,38.9062],[-77.0466,38.9073],[-77.0466,38.9079],[-77.0488,38.9079],[-77.0492,38.9079],[-77.0495,38.9079],[-77.0496,38.9079],[-77.0497,38.908],[-77.0499,38.9081],[-77.05,38.9083],[-77.0501,38.9086],[-77.0501,38.909],[-77.0501,38.9094],[-77.0501,38.9096],[-77.0502,38.9098],[-77.0504,38.9099],[-77.0507,38.9102],[-77.0511,38.9106],[-77.0512,38.9108],[-77.051,38.9109],[-77.0508,38.9111],[-77.0507,38.9112],[-77.0507,38.9114],[-77.0506,38.9118],[-77.0506,38.9119],[-77.0505,38.9119],[-77.0503,38.9119],[-77.0503,38.912],[-77.05,38.9119],[-77.0487,38.9115],[-77.0485,38.9118],[-77.0476,38.9125],[-77.0475,38.9127],[-77.0469,38.9138],[-77.0466,38.914],[-77.0463,38.9143],[-77.0462,38.9144],[-77.0449,38.9151],[-77.044,38.9156],[-77.0433,38.9159],[-77.0417,38.9168],[-77.0409,38.9172],[-77.0402,38.918],[-77.0402,38.9181],[-77.0389,38.9184],[-77.0385,38.9185],[-77.0365,38.9192],[-77.0364,38.9192],[-77.0347,38.9192],[-77.0346,38.9191],[-77.0346,38.9188],[-77.0345,38.9184],[-77.0345,38.917],[-77.0345,38.9169],[-77.0345,38.9156],[-77.0345,38.9141],[-77.0345,38.9137],[-77.0346,38.9127],[-77.0346,38.9111],[-77.0346,38.9097],[-77.0346,38.9087],[-77.0346,38.9079],[-77.0346,38.9066],[-77.0346,38.9057],[-77.0346,38.9048],[-77.0346,38.9037],[-77.0346,38.9026],[-77.0346,38.9013],[-77.0346,38.9012],[-77.0346,38.9011],[-77.0347,38.901],[-77.0351,38.9003],[-77.0351,38.9002],[-77.0352,38.9001]]]]}},{"type":"Feature","properties":{"i":20},"geometry":{"type":"MultiPolygon","coordinates":[[[[-77.0204,38.927],[-77.02,38.9271],[-77.0201,38.9273],[-77.0201,38.9275],[-77.0201,38.9277],[-77.0201,38.9279],[-77.0199,38.9279],[-77.0195,38.9279],[-77.0193,38.9279],[-77.019,38.928],[-77.0186,38.9281],[-77.0185,38.9281],[-77.0183,38.9282],[-77.0181,38.9283],[-77.018,38.9285],[-77.0178,38.9284],[-77.0176,38.9283],[-77.0174,38.9282],[-77.0172,38.928],[-77.0171,38.9278],[-77.0169,38.9277],[-77.0168,38.9275],[-77.0165,38.9274],[-77.0163,38.9273],[-77.0161,38.9272],[-77.0158,38.927],[-77.0156,38.9269],[-77.0153,38.9267],[-77.015,38.9265],[-77.0147,38.9264],[-77.0144,38.9263],[-77.0142,38.9263],[-77.0139,38.9263],[-77.0136,38.9263],[-77.0132,38.9263],[-77.0128,38.9263],[-77.0124,38.9263],[-77.0121,38.9263],[-77.0121,38.925],[-77.0121,38.9239],[-77.0121,38.9234],[-77.0121,38.9224],[-77.0122,38.9213],[-77.0127,38.9213],[-77.013,38.9212],[-77.0133,38.9211],[-77.0136,38.921],[-77.0139,38.9209],[-77.0141,38.9208],[-77.0143,38.9208],[-77.0148,38.9207],[-77.0149,38.9207],[-77.0149,38.9205],[-77.0149,38.9202],[-77.0148,38.9199],[-77.0148,38.9197],[-77.0148,38.9192],[-77.0146,38.9181],[-77.0146,38.9176],[-77.0145,38.917],[-77.0144,38.9163],[-77.0144,38.9159],[-77.0143,38.9156],[-77.0143,38.9152],[-77.0143,38.915],[-77.0149,38.9148],[-77.0156,38.9145],[-77.0165,38.9142],[-77.0167,38.9141],[-77.0176,38.9141],[-77.0178,38.9141],[-77.0179,38.9141],[-77.0182,38.9141],[-77.0188,38.9141],[-77.0199,38.9141],[-77.0219,38.9141],[-77.024,38.9141],[-77.0244,38.9141],[-77.0247,38.9141],[-77.026,38.9141],[-77.027,38.9141],[-77.0296,38.9141],[-77.032,38.9141],[-77.0333,38.9141],[-77.0344,38.9141],[-77.0345,38.9141],[-77.0345,38.9156],[-77.0345,38.9169],[-77.0345,38.917],[-77.0345,38.9184],[-77.0346,38.9188],[-77.0346,38.9191],[-77.0347,38.9192],[-77.0346,38.9192],[-77.0343,38.9193],[-77.0341,38.9195],[-77.034,38.9196],[-77.0336,38.9197],[-77.0324,38.92],[-77.0319,38.9201],[-77.0313,38.9202],[-77.0297,38.9205],[-77.0289,38.9207],[-77.0281,38.9207],[-77.027,38.9208],[-77.0267,38.9208],[-77.0263,38.9207],[-77.026,38.9205],[-77.0259,38.9206],[-77.0257,38.9206],[-77.0253,38.9207],[-77.025,38.9207],[-77.0242,38.9208],[-77.0238,38.9208],[-77.0231,38.9209],[-77.0221,38.921],[-77.0223,38.9223],[-77.0225,38.9237],[-77.0226,38.9248],[-77.0228,38.9258],[-77.0229,38.9268],[-77.0225,38.9268],[-77.0218,38.9269],[-77.0212,38.9269],[-77.0204,38.927]]]]}},{"type":"Feature","properties":{"i":31},"geometry":{"type":"MultiPolygon","coordinates":[[[[-77.0135,38.8635],[-77.0136,38.8635],[-77.0137,38.8635],[-77.0138,38.8635],[-77.0138,38.8636],[-77.0139,38.8636],[-77.0144,38.864],[-77.0146,38.864],[-77.0146,38.8641],[-77.0149,38.8641],[-77.015,38.8641],[-77.0153,38.8641],[-77.0153,38.8639],[-77.0153,38.8634],[-77.0153,38.8629],[-77.0153,38.8627],[-77.0153,38.8624],[-77.0153,38.8621],[-77.0154,38.8621],[-77.0156,38.862],[-77.0157,38.862],[-77.0158,38.8619],[-77.016,38.8618],[-77.0164,38.8616],[-77.0167,38.8614],[-77.0168,38.8614],[-77.017,38.8613],[-77.0174,38.8612],[-77.0175,38.8612],[-77.0176,38.8612],[-77.0177,38.8612],[-77.0177,38.8611],[-77.0178,38.8611],[-77.0179,38.8611],[-77.018,38.8612],[-77.0181,38.8612],[-77.0182,38.8612],[-77.0183,38.8612],[-77.0183,38.8613],[-77.0184,38.8613],[-77.0185,38.8614],[-77.0186,38.8615],[-77.0186,38.8616],[-77.0187,38.8617],[-77.0187,38.8619],[-77.0187,38.8623],[-77.0187,38.8626],[-77.0187,38.8632],[-77.0187,38.8635],[-77.0187,38.8638],[-77.0187,38.8646],[-77.0187,38.8648],[-77.0187,38.8653],[-77.0187,38.8659],[-77.0187,38.8664],[-77.0187,38.8665],[-77.0187,38.8672],[-77.0187,38.8677],[-77.0187,38.8682],[-77.0187,38.8688],[-77.0187,38.8691],[-77.0187,38.8695],[-77.0187,38.87],[-77.0187,38.8702],[-77.0188,38.8705],[-77.0189,38.8709],[-77.019,38.8713],[-77.019,38.8714],[-77.0191,38.8717],[-77.0191,38.8718],[-77.0192,38.8718],[-77.0193,38.8718],[-77.0193,38.8719],[-77.0194,38.8719],[-77.0195,38.872],[-77.0196,38.8722],[-77.0198,38.8727],[-77.0202,38.8733],[-77.0204,38.8738],[-77.0205,38.874],[-77.0207,38.8743],[-77.0207,38.8744],[-77.0209,38.8746],[-77.021,38.8748],[-77.021,38.8749],[-77.0211,38.8751],[-77.0212,38.8752],[-77.0214,38.8757],[-77.0215,38.8758],[-77.0215,38.8759],[-77.0216,38.8761],[-77.0218,38.8764],[-77.0219,38.8765],[-77.0221,38.8766],[-77.0221,38.8767],[-77.0224,38.8769],[-77.0229,38.8773],[-77.0233,38.8776],[-77.0238,38.878],[-77.0242,38.8784],[-77.0243,38.8784],[-77.0244,38.8785],[-77.0249,38.8789],[-77.0253,38.8792],[-77.0254,38.8793],[-77.0256,38.8795],[-77.0257,38.8795],[-77.0258,38.8796],[-77.0261,38.8798],[-77.0261,38.8799],[-77.0263,38.88],[-77.0266,38.8802],[-77.0267,38.8803],[-77.0271,38.8806],[-77.0271,38.8807],[-77.0272,38.8807],[-77.0273,38.8808],[-77.0275,38.881],[-77.0275,38.8809],[-77.0276,38.8809],[-77.0275,38.8809],[-77.0277,38.8808],[-77.0278,38.8808],[-77.028,38.8808],[-77.028,38.8809],[-77.0281,38.8808],[-77.0282,38.881],[-77.0283,38.8809],[-77.0285,38.881],[-77.0284,38.8811],[-77.0285,38.8811],[-77.0286,38.881],[-77.0286,38.8811],[-77.0285,38.8812],[-77.0285,38.8811],[-77.0284,38.8812],[-77.0285,38.8812],[-77.0284,38.8813],[-77.0283,38.8814],[-77.0283,38.8815],[-77.0284,38.8816],[-77.0285,38.8817],[-77.0284,38.8817],[-77.0285,38.8818],[-77.0286,38.8818],[-77.0287,38.8819],[-77.0288,38.8819],[-77.0289,38.8819],[-77.029,38.8819],[-77.0291,38.882],[-77.0292,38.882],[-77.0293,38.882],[-77.0294,38.882],[-77.0295,38.882],[-77.0295,38.8818],[-77.0297,38.8819],[-77.0297,38.8818],[-77.0295,38.8818],[-77.0296,38.8817],[-77.0297,38.8817],[-77.0298,38.8817],[-77.0299,38.8818],[-77.0299,38.8819],[-77.0298,38.882],[-77.0298,38.8821],[-77.0297,38.8822],[-77.0297,38.8823],[-77.0298,38.8823],[-77.0299,38.8823],[-77.03,38.8823],[-77.03,38.8824],[-77.0301,38.8824],[-77.0302,38.8824],[-77.0303,38.8824],[-77.0307,38.8825],[-77.031,38.8826],[-77.0312,38.8826],[-77.0313,38.8825],[-77.0313,38.8826],[-77.0314,38.8826],[-77.0315,38.8826],[-77.0316,38.8826],[-77.0317,38.8826],[-77.0318,38.8825],[-77.0319,38.8826],[-77.0321,38.8826],[-77.0322,38.8826],[-77.0323,38.8826],[-77.0324,38.8827],[-77.0325,38.8827],[-77.0337,38.8836],[-77.0337,38.8838],[-77.0337,38.8845],[-77.0337,38.8848],[-77.0337,38.885],[-77.0337,38.8858],[-77.0337,38.8874],[-77.0337,38.8878],[-77.0335,38.8878],[-77.0332,38.8878],[-77.0329,38.8878],[-77.0326,38.8877],[-77.0324,38.8877],[-77.032,38.8876],[-77.0317,38.8876],[-77.0274,38.8876],[-77.0219,38.8876],[-77.0129,38.8876],[-77.0107,38.8876],[-77.0091,38.8876],[-77.0091,38.8817],[-77.009,38.8814],[-77.0091,38.8775],[-77.0091,38.8736],[-77.0091,38.8719],[-77.0091,38.8715],[-77.0089,38.8708],[-77.0086,38.8705],[-77.0083,38.8701],[-77.008,38.8698],[-77.0074,38.8696],[-77.0074,38.8695],[-77.0074,38.8694],[-77.0074,38.8693],[-77.0074,38.8692],[-77.0074,38.8691],[-77.0075,38.8691],[-77.0075,38.869],[-77.0076,38.869],[-77.0076,38.8689],[-77.0077,38.8689],[-77.0077,38.8688],[-77.0078,38.8688],[-77.0078,38.8687],[-77.0078,38.8686],[-77.0079,38.8686],[-77.0079,38.8685],[-77.0079,38.8684],[-77.0079,38.8683],[-77.008,38.8683],[-77.008,38.8682],[-77.0079,38.8682],[-77.008,38.868],[-77.0081,38.868],[-77.0082,38.868],[-77.0083,38.868],[-77.0083,38.8679],[-77.0084,38.868],[-77.0085,38.8679],[-77.0086,38.8677],[-77.0089,38.8673],[-77.0089,38.8672],[-77.009,38.8672],[-77.009,38.8671],[-77.009,38.867],[-77.0091,38.867],[-77.0091,38.8669],[-77.0092,38.8669],[-77.0092,38.8668],[-77.0092,38.8667],[-77.0093,38.8667],[-77.0093,38.8666],[-77.0093,38.8665],[-77.0094,38.8665],[-77.0094,38.8664],[-77.0095,38.8664],[-77.0095,38.8663],[-77.0095,38.8662],[-77.0096,38.8662],[-77.0096,38.8661],[-77.0097,38.8661],[-77.0097,38.866],[-77.0098,38.8659],[-77.0099,38.8659],[-77.01,38.8659],[-77.0101,38.8659],[-77.0101,38.8658],[-77.0101,38.8657],[-77.0102,38.8656],[-77.0102,38.8655],[-77.0101,38.8655],[-77.0102,38.8655],[-77.0102,38.8654],[-77.0101,38.8654],[-77.0103,38.8652],[-77.0104,38.8652],[-77.0105,38.8651],[-77.0105,38.865],[-77.0106,38.865],[-77.0106,38.8649],[-77.0107,38.8648],[-77.0107,38.8647],[-77.0108,38.8647],[-77.0108,38.8646],[-77.0109,38.8645],[-77.0109,38.8644],[-77.0109,38.8643],[-77.0109,38.8642],[-77.011,38.864],[-77.011,38.8638],[-77.011,38.8634],[-77.011,38.8632],[-77.0111,38.8631],[-77.0112,38.8631],[-77.0117,38.8632],[-77.0121,38.8633],[-77.0126,38.8633],[-77.013,38.8634],[-77.0134,38.8635],[-77.0135,38.8635]]]]}},{"type":"Feature","properties":{"i":27},"geometry":{"type":"MultiPolygon","coordinates":[[[[-77.0028,38.9396],[-77.003,38.9408],[-76.9997,38.9407],[-76.9997,38.9409],[-77.0,38.9411],[-77.0001,38.9413],[-77.0012,38.9426],[-77.0014,38.9429],[-77.0017,38.9432],[-77.0021,38.9435],[-77.0024,38.9438],[-77.0029,38.9441],[-77.0033,38.9443],[-77.0037,38.9445],[-77.0038,38.9447],[-77.004,38.945],[-77.0044,38.9453],[-77.0046,38.9455],[-77.0049,38.9457],[-77.0042,38.946],[-77.0034,38.9463],[-77.003,38.9464],[-77.0029,38.9467],[-77.0027,38.9471],[-77.0026,38.9475],[-77.0025,38.9478],[-77.0025,38.948],[-77.0021,38.9481],[-77.0013,38.9483],[-77.0006,38.9485],[-77.0007,38.9488],[-77.0009,38.9492],[-77.001,38.9497],[-77.0012,38.95],[-77.0014,38.9504],[-77.0016,38.951],[-77.0018,38.9513],[-77.002,38.9516],[-77.0021,38.9519],[-77.0022,38.9523],[-77.0023,38.9525],[-77.0021,38.9526],[-77.002,38.9526],[-77.0017,38.9527],[-77.0014,38.9527],[-77.0011,38.9527],[-77.0008,38.9527],[-77.0004,38.9528],[-77.0002,38.9527],[-77.0,38.9526],[-76.9998,38.9525],[-76.9996,38.9525],[-76.9994,38.9525],[-76.9992,38.9525],[-76.9989,38.9526],[-76.9986,38.9526],[-76.9984,38.9526],[-76.998,38.9526],[-76.9976,38.9526],[-76.9972,38.9526],[-76.9968,38.9526],[-76.9965,38.9527],[-76.996,38.9527],[-76.9956,38.9528],[-76.9952,38.9529],[-76.9945,38.9531],[-76.9941,38.9532],[-76.9936,38.9534],[-76.9932,38.9535],[-76.9926,38.9535],[-76.9922,38.9536],[-76.9918,38.9536],[-76.9912,38.9536],[-76.9908,38.9536],[-76.9902,38.9536],[-76.9897,38.9535],[-76.9892,38.9534],[-76.9888,38.9533],[-76.9884,38.9532],[-76.9879,38.9531],[-76.9875,38.953],[-76.987,38.9529],[-76.9865,38.9527],[-76.9863,38.9526],[-76.986,38.9526],[-76.9859,38.9526],[-76.9858,38.9527],[-76.9855,38.9527],[-76.9784,38.9471],[-76.9776,38.9465],[-76.9736,38.9434],[-76.9719,38.942],[-76.9702,38.9407],[-76.9726,38.9407],[-76.9742,38.9407],[-76.9762,38.9407],[-76.9773,38.9407],[-76.9781,38.9407],[-76.9787,38.9407],[-76.9802,38.9407],[-76.9814,38.9407],[-76.9841,38.9407],[-76.9857,38.9407],[-76.9858,38.9403],[-76.9859,38.9397],[-76.9859,38.9394],[-76.986,38.9389],[-76.9861,38.9382],[-76.9861,38.9376],[-76.9862,38.9372],[-76.9863,38.9362],[-76.9865,38.9348],[-76.9888,38.9346],[-76.9899,38.9346],[-76.9912,38.9345],[-76.9917,38.9345],[-76.9928,38.9344],[-76.9931,38.9344],[-76.9933,38.9343],[-76.9935,38.9342],[-76.9939,38.9341],[-76.9939,38.9339],[-76.994,38.9338],[-76.9939,38.9336],[-76.9938,38.9332],[-76.9937,38.9327],[-76.9937,38.9324],[-76.9941,38.9324],[-76.995,38.9324],[-76.9962,38.9324],[-76.9969,38.9324],[-76.9973,38.9324],[-76.9976,38.9324],[-76.998,38.9324],[-76.9982,38.9323],[-76.9991,38.932],[-77.0,38.9316],[-77.0006,38.9314],[-77.001,38.9312],[-77.0012,38.9315],[-77.0013,38.9316],[-77.0013,38.9318],[-77.0015,38.9328],[-77.0018,38.9346],[-77.0021,38.9362],[-77.0028,38.9396]]]]}},{"type":"Feature","properties":{"i":0},"geometry":{"type":"MultiPolygon","coordinates":[[[[-77.019,38.9374],[-77.0196,38.9373],[-77.02,38.9372],[-77.0204,38.9372],[-77.0208,38.9371],[-77.0214,38.937],[-77.022,38.9369],[-77.0222,38.9368],[-77.0226,38.9367],[-77.0231,38.9366],[-77.0234,38.9366],[-77.0237,38.9365],[-77.024,38.9364],[-77.0243,38.9363],[-77.0245,38.936],[-77.0246,38.9359],[-77.0248,38.9356],[-77.0249,38.9355],[-77.0251,38.9353],[-77.0252,38.9351],[-77.0254,38.9351],[-77.0255,38.9351],[-77.0258,38.9352],[-77.026,38.9353],[-77.0264,38.9354],[-77.0267,38.9355],[-77.0269,38.9355],[-77.0272,38.9356],[-77.0275,38.9357],[-77.0278,38.9358],[-77.028,38.9359],[-77.0283,38.9359],[-77.0286,38.936],[-77.0289,38.9361],[-77.0292,38.9362],[-77.0295,38.9362],[-77.0297,38.9363],[-77.0299,38.9363],[-77.03,38.9364],[-77.0303,38.9365],[-77.0309,38.9366],[-77.0312,38.9367],[-77.0316,38.9368],[-77.032,38.9369],[-77.0324,38.937],[-77.0327,38.9371],[-77.0332,38.9372],[-77.0337,38.9374],[-77.0339,38.9374],[-77.0342,38.9374],[-77.0345,38.9374],[-77.035,38.9374],[-77.0352,38.9374],[-77.0357,38.9374],[-77.0361,38.9374],[-77.0364,38.9374],[-77.0364,38.9375],[-77.0364,38.9383],[-77.0367,38.9382],[-77.037,38.938],[-77.0374,38.9379],[-77.0376,38.9378],[-77.0379,38.9377],[-77.0381,38.9375],[-77.0383,38.9374],[-77.0386,38.9372],[-77.0389,38.9371],[-77.0392,38.937],[-77.0395,38.9369],[-77.0399,38.9368],[-77.0402,38.9367],[-77.0405,38.9365],[-77.0407,38.9364],[-77.0409,38.9363],[-77.0412,38.9362],[-77.0415,38.9362],[-77.0417,38.9361],[-77.042,38.9362],[-77.0422,38.9361],[-77.0425,38.9361],[-77.0428,38.9361],[-77.0431,38.936],[-77.0434,38.936],[-77.0438,38.936],[-77.0443,38.936],[-77.0447,38.936],[-77.0451,38.936],[-77.0454,38.9359],[-77.0458,38.9357],[-77.046,38.9356],[-77.0463,38.9355],[-77.0465,38.9355],[-77.0466,38.9357],[-77.0476,38.9371],[-77.048,38.9377],[-77.0481,38.9378],[-77.0482,38.9382],[-77.0483,38.9386],[-77.0484,38.9389],[-77.0484,38.939],[-77.0484,38.9394],[-77.0484,38.9395],[-77.0484,38.9397],[-77.0484,38.9398],[-77.0484,38.9401],[-77.0484,38.9402],[-77.0483,38.9405],[-77.0483,38.9407],[-77.0484,38.9408],[-77.0484,38.9409],[-77.0484,38.941],[-77.0484,38.9411],[-77.0483,38.9413],[-77.0482,38.9413],[-77.0481,38.9415],[-77.0481,38.9416],[-77.0479,38.9419],[-77.0478,38.942],[-77.0477,38.9421],[-77.0477,38.9422],[-77.0476,38.9422],[-77.0474,38.9423],[-77.0473,38.9424],[-77.0474,38.9429],[-77.0474,38.943],[-77.0473,38.9431],[-77.0473,38.9432],[-77.0472,38.9434],[-77.047,38.9434],[-77.0469,38.9435],[-77.0467,38.9436],[-77.0466,38.9436],[-77.0466,38.9437],[-77.0465,38.9438],[-77.0465,38.9439],[-77.0465,38.944],[-77.0465,38.9441],[-77.0464,38.9441],[-77.0464,38.9443],[-77.0463,38.9444],[-77.0462,38.9445],[-77.046,38.9445],[-77.0459,38.9447],[-77.0455,38.945],[-77.0451,38.9455],[-77.0447,38.9458],[-77.0444,38.9461],[-77.044,38.9466],[-77.0432,38.9475],[-77.043,38.9478],[-77.0427,38.948],[-77.0425,38.9482],[-77.0406,38.9498],[-77.0373,38.9527],[-77.0373,38.9561],[-77.0388,38.9568],[-77.0389,38.9568],[-77.039,38.9569],[-77.0391,38.957],[-77.0392,38.9571],[-77.0392,38.9573],[-77.0392,38.9574],[-77.0391,38.9575],[-77.0391,38.9578],[-77.039,38.9582],[-77.039,38.9585],[-77.0389,38.9589],[-77.0388,38.9591],[-77.0386,38.9593],[-77.0386,38.9596],[-77.0387,38.9598],[-77.0388,38.96],[-77.039,38.9603],[-77.0391,38.9604],[-77.0393,38.9605],[-77.0393,38.9606],[-77.0394,38.9607],[-77.0394,38.9608],[-77.0397,38.9631],[-77.039,38.9631],[-77.0388,38.9631],[-77.0385,38.9631],[-77.0382,38.963],[-77.0379,38.9629],[-77.0376,38.9628],[-77.0373,38.9628],[-77.037,38.9627],[-77.0366,38.9626],[-77.036,38.9625],[-77.0356,38.9624],[-77.0352,38.9623],[-77.0347,38.9623],[-77.0343,38.9622],[-77.0338,38.9621],[-77.0332,38.962],[-77.0326,38.9619],[-77.032,38.9619],[-77.0315,38.9618],[-77.0308,38.9617],[-77.0301,38.9616],[-77.0297,38.9615],[-77.0292,38.9614],[-77.0289,38.9614],[-77.0287,38.9614],[-77.028,38.9613],[-77.028,38.961],[-77.0272,38.9607],[-77.0268,38.9606],[-77.0265,38.9605],[-77.026,38.9603],[-77.0253,38.9601],[-77.0243,38.9598],[-77.0239,38.9596],[-77.0232,38.9594],[-77.0226,38.9592],[-77.0221,38.959],[-77.0217,38.9589],[-77.0207,38.9586],[-77.02,38.9583],[-77.0198,38.9583],[-77.0194,38.9582],[-77.0189,38.958],[-77.0186,38.9579],[-77.0181,38.9578],[-77.0175,38.9576],[-77.0171,38.9574],[-77.0168,38.9573],[-77.0164,38.9572],[-77.0158,38.957],[-77.0155,38.9569],[-77.015,38.9567],[-77.0141,38.9564],[-77.0136,38.9563],[-77.0133,38.9562],[-77.0126,38.9559],[-77.0116,38.9556],[-77.0113,38.9555],[-77.011,38.9554],[-77.0103,38.9552],[-77.0105,38.9549],[-77.0107,38.9546],[-77.0109,38.9544],[-77.0111,38.9541],[-77.0114,38.9537],[-77.0115,38.9536],[-77.0116,38.9534],[-77.0117,38.9532],[-77.0121,38.9527],[-77.0124,38.9523],[-77.0126,38.9521],[-77.013,38.9516],[-77.0133,38.9512],[-77.0135,38.9509],[-77.0137,38.9507],[-77.0139,38.9504],[-77.0141,38.9501],[-77.0143,38.9498],[-77.0145,38.9496],[-77.0146,38.9495],[-77.0148,38.9492],[-77.0151,38.9487],[-77.0153,38.9485],[-77.0155,38.9482],[-77.0156,38.948],[-77.0158,38.9477],[-77.016,38.9475],[-77.0162,38.9473],[-77.0163,38.9471],[-77.0164,38.9469],[-77.0166,38.9467],[-77.0167,38.9466],[-77.0168,38.9464],[-77.0165,38.9464],[-77.0163,38.9464],[-77.0161,38.9464],[-77.016,38.9463],[-77.016,38.9461],[-77.0159,38.9461],[-77.0159,38.9459],[-77.0158,38.9458],[-77.0157,38.9457],[-77.0156,38.9457],[-77.0154,38.9456],[-77.0153,38.9455],[-77.0151,38.9455],[-77.015,38.9455],[-77.0149,38.9454],[-77.0147,38.9453],[-77.0147,38.9452],[-77.0146,38.945],[-77.0145,38.9449],[-77.0144,38.9449],[-77.0142,38.9449],[-77.0139,38.9449],[-77.0136,38.9449],[-77.0134,38.9448],[-77.0133,38.9447],[-77.0131,38.9447],[-77.013,38.9446],[-77.013,38.9445],[-77.013,38.9444],[-77.0128,38.9444],[-77.0125,38.9444],[-77.0121,38.9444],[-77.0119,38.9444],[-77.0116,38.9444],[-77.0117,38.9442],[-77.0119,38.944],[-77.0122,38.9437],[-77.0124,38.9433],[-77.0127,38.9428],[-77.013,38.9424],[-77.0133,38.9422],[-77.0135,38.942],[-77.014,38.9415],[-77.0144,38.9411],[-77.0149,38.9404],[-77.0151,38.94],[-77.0152,38.9398],[-77.0165,38.9387],[-77.0169,38.9383],[-77.0173,38.9379],[-77.0177,38.9378],[-77.0182,38.9376],[-77.019,38.9374]]]]}},{"type":"Feature","properties":{"i":26},"geometry":{"type":"MultiPolygon","coordinates":[[[[-77.0573,38.9563],[-77.0572,38.9563],[-77.0574,38.9562],[-77.0575,38.9562],[-77.0574,38.9562],[-77.0573,38.9561],[-77.057,38.9559],[-77.057,38.9558],[-77.0569,38.9558],[-77.0569,38.9557],[-77.0568,38.9554],[-77.0568,38.9553],[-77.0568,38.9552],[-77.0569,38.9549],[-77.0569,38.9548],[-77.0565,38.9546],[-77.0561,38.9543],[-77.0557,38.9541],[-77.0556,38.9541],[-77.0551,38.9537],[-77.055,38.9537],[-77.055,38.9536],[-77.0546,38.9532],[-77.0544,38.9529],[-77.0543,38.9529],[-77.0543,38.9528],[-77.0542,38.9525],[-77.0541,38.9525],[-77.0534,38.9523],[-77.0533,38.9523],[-77.0532,38.9523],[-77.0528,38.9522],[-77.0528,38.9521],[-77.0527,38.9521],[-77.0527,38.952],[-77.0526,38.952],[-77.0525,38.9519],[-77.0525,38.9518],[-77.0523,38.9514],[-77.0523,38.9513],[-77.0523,38.9512],[-77.0523,38.9509],[-77.0523,38.9507],[-77.0522,38.9505],[-77.052,38.9502],[-77.0518,38.95],[-77.0514,38.9497],[-77.0513,38.9496],[-77.051,38.9491],[-77.0509,38.949],[-77.0508,38.9486],[-77.0508,38.9485],[-77.0507,38.9479],[-77.0507,38.9478],[-77.0509,38.9473],[-77.0509,38.947],[-77.0509,38.9465],[-77.0507,38.9462],[-77.0504,38.9457],[-77.0501,38.9454],[-77.0499,38.9452],[-77.0497,38.945],[-77.0496,38.945],[-77.0496,38.9449],[-77.0496,38.9448],[-77.0495,38.9448],[-77.0495,38.9446],[-77.0495,38.9445],[-77.0495,38.9444],[-77.0496,38.9443],[-77.0497,38.9442],[-77.0497,38.944],[-77.0515,38.9415],[-77.0517,38.9406],[-77.0517,38.9405],[-77.0517,38.9404],[-77.0517,38.9403],[-77.0517,38.9402],[-77.0518,38.9401],[-77.0518,38.94],[-77.0519,38.94],[-77.0519,38.9398],[-77.052,38.9395],[-77.052,38.9394],[-77.0521,38.9394],[-77.0521,38.9393],[-77.0522,38.9393],[-77.0522,38.9392],[-77.0523,38.9387],[-77.0519,38.9381],[-77.052,38.938],[-77.0522,38.9379],[-77.0523,38.9379],[-77.0523,38.938],[-77.0524,38.9381],[-77.0524,38.9382],[-77.0526,38.9382],[-77.0528,38.9382],[-77.0531,38.9382],[-77.0534,38.9382],[-77.0537,38.9382],[-77.054,38.9382],[-77.0543,38.9381],[-77.0545,38.9381],[-77.0547,38.9381],[-77.055,38.9381],[-77.0552,38.9381],[-77.0554,38.9381],[-77.0555,38.9381],[-77.0556,38.9382],[-77.0557,38.9383],[-77.0558,38.9383],[-77.056,38.9383],[-77.0561,38.9384],[-77.0562,38.9384],[-77.0564,38.9384],[-77.0565,38.9385],[-77.0566,38.9385],[-77.0567,38.9386],[-77.0569,38.9386],[-77.057,38.9386],[-77.0571,38.9387],[-77.0572,38.9387],[-77.0574,38.9387],[-77.0575,38.9386],[-77.0577,38.9387],[-77.0579,38.9387],[-77.0581,38.9387],[-77.0583,38.9387],[-77.0585,38.9388],[-77.0586,38.9388],[-77.0588,38.9388],[-77.0589,38.9389],[-77.059,38.939],[-77.0591,38.939],[-77.0593,38.939],[-77.0595,38.9389],[-77.0598,38.9388],[-77.0601,38.9388],[-77.0604,38.9388],[-77.0607,38.9388],[-77.0609,38.9388],[-77.0612,38.9389],[-77.0615,38.9389],[-77.0618,38.9389],[-77.062,38.939],[-77.0622,38.939],[-77.0623,38.9391],[-77.0624,38.9392],[-77.0626,38.9392],[-77.0627,38.9392],[-77.0628,38.9393],[-77.063,38.9394],[-77.0632,38.9394],[-77.0634,38.9395],[-77.0636,38.9395],[-77.0637,38.9395],[-77.0639,38.9396],[-77.064,38.9396],[-77.0641,38.9396],[-77.0641,38.9397],[-77.0642,38.9398],[-77.0642,38.9399],[-77.0643,38.9399],[-77.0644,38.94],[-77.0646,38.94],[-77.0647,38.9399],[-77.0648,38.9399],[-77.0649,38.9399],[-77.065,38.9399],[-77.0652,38.9399],[-77.0653,38.9399],[-77.0654,38.9399],[-77.0655,38.9399],[-77.0655,38.94],[-77.0656,38.94],[-77.0657,38.94],[-77.0659,38.9399],[-77.066,38.94],[-77.0661,38.94],[-77.0662,38.9401],[-77.0664,38.9401],[-77.0666,38.9401],[-77.0667,38.9401],[-77.0668,38.9401],[-77.067,38.9401],[-77.0676,38.9402],[-77.0676,38.9403],[-77.0676,38.9404],[-77.0677,38.9405],[-77.0677,38.9407],[-77.0678,38.9408],[-77.0679,38.941],[-77.068,38.9411],[-77.0682,38.9413],[-77.0683,38.9414],[-77.0684,38.9415],[-77.0685,38.9416],[-77.0687,38.9418],[-77.0687,38.9419],[-77.0688,38.942],[-77.0689,38.9422],[-77.0689,38.9424],[-77.069,38.9424],[-77.0692,38.943],[-77.0693,38.9431],[-77.0693,38.9432],[-77.0694,38.9434],[-77.0696,38.9436],[-77.0697,38.9439],[-77.0699,38.9442],[-77.0701,38.9445],[-77.0703,38.9447],[-77.0703,38.9448],[-77.0704,38.9449],[-77.0705,38.9451],[-77.0706,38.9452],[-77.0708,38.9453],[-77.0709,38.9455],[-77.0711,38.9457],[-77.0713,38.9458],[-77.0715,38.9461],[-77.0716,38.9462],[-77.0717,38.9463],[-77.072,38.9466],[-77.0722,38.9468],[-77.0723,38.947],[-77.0724,38.9472],[-77.0725,38.9474],[-77.0725,38.9476],[-77.0726,38.9478],[-77.0726,38.948],[-77.0726,38.9482],[-77.0726,38.9484],[-77.0725,38.9486],[-77.0725,38.9488],[-77.0724,38.9489],[-77.0724,38.9491],[-77.0723,38.9494],[-77.0722,38.9496],[-77.0721,38.9498],[-77.072,38.9499],[-77.072,38.9501],[-77.0718,38.9504],[-77.0717,38.9507],[-77.0716,38.951],[-77.0716,38.9512],[-77.0715,38.9515],[-77.0715,38.9517],[-77.0715,38.9519],[-77.0715,38.9521],[-77.0716,38.9523],[-77.0716,38.9526],[-77.0716,38.9527],[-77.0717,38.9528],[-77.0718,38.953],[-77.0718,38.9532],[-77.0719,38.9533],[-77.072,38.9534],[-77.0721,38.9536],[-77.0722,38.9538],[-77.0723,38.9539],[-77.0723,38.954],[-77.0726,38.9544],[-77.0727,38.9546],[-77.0727,38.9547],[-77.0724,38.9547],[-77.0718,38.9547],[-77.0716,38.9547],[-77.0708,38.9547],[-77.0698,38.9547],[-77.0692,38.9547],[-77.0692,38.9548],[-77.0692,38.955],[-77.0691,38.9552],[-77.0691,38.9553],[-77.069,38.9554],[-77.0689,38.9556],[-77.0689,38.9558],[-77.0687,38.956],[-77.0686,38.9561],[-77.0685,38.9563],[-77.0684,38.9565],[-77.0683,38.9567],[-77.0682,38.9569],[-77.068,38.957],[-77.0679,38.9572],[-77.0678,38.9573],[-77.0676,38.9575],[-77.0674,38.9577],[-77.0672,38.9578],[-77.0669,38.958],[-77.0667,38.9582],[-77.0665,38.9583],[-77.0662,38.9586],[-77.066,38.9586],[-77.0657,38.9586],[-77.0655,38.9586],[-77.0653,38.9585],[-77.0651,38.9585],[-77.0648,38.9584],[-77.0646,38.9584],[-77.0644,38.9583],[-77.0642,38.9583],[-77.064,38.9582],[-77.0637,38.9581],[-77.0636,38.9581],[-77.0634,38.958],[-77.0632,38.958],[-77.063,38.958],[-77.0627,38.958],[-77.0625,38.958],[-77.0622,38.9579],[-77.0619,38.9579],[-77.0618,38.9579],[-77.0615,38.9579],[-77.0612,38.9579],[-77.0609,38.9578],[-77.0607,38.9578],[-77.0605,38.9578],[-77.0602,38.9578],[-77.0599,38.9577],[-77.0596,38.9576],[-77.0593,38.9576],[-77.0591,38.9575],[-77.0588,38.9574],[-77.0587,38.9573],[-77.0585,38.9571],[-77.0584,38.957],[-77.0582,38.9569],[-77.0581,38.9568],[-77.058,38.9567],[-77.0573,38.9563]]]]}},{"type":"Feature","properties":{"i":33},"geometry":{"type":"MultiPolygon","coordinates":[[[[-77.0365,38.9723],[-77.0364,38.9723],[-77.027,38.9723],[-77.027,38.9731],[-77.0269,38.9733],[-77.0269,38.9738],[-77.0269,38.974],[-77.0268,38.9743],[-77.0267,38.975],[-77.0267,38.9754],[-77.0267,38.9757],[-77.0267,38.9758],[-77.0266,38.9761],[-77.0266,38.9763],[-77.0265,38.9772],[-77.0265,38.9775],[-77.0265,38.9777],[-77.0265,38.9778],[-77.0264,38.978],[-77.0264,38.9781],[-77.0264,38.9783],[-77.0264,38.9784],[-77.0264,38.9787],[-77.0264,38.9789],[-77.0265,38.9793],[-77.0265,38.9796],[-77.0265,38.9801],[-77.0265,38.9809],[-77.0265,38.9814],[-77.0265,38.982],[-77.0266,38.9827],[-77.0266,38.9833],[-77.0266,38.9839],[-77.0266,38.9843],[-77.0266,38.9848],[-77.0265,38.9847],[-77.024,38.9827],[-77.0223,38.9814],[-77.0204,38.9799],[-77.0203,38.9798],[-77.0202,38.9798],[-77.0201,38.9797],[-77.0197,38.9794],[-77.0194,38.9791],[-77.0185,38.9784],[-77.0172,38.9774],[-77.0157,38.9762],[-77.0145,38.9753],[-77.0138,38.9748],[-77.0128,38.974],[-77.0129,38.9738],[-77.013,38.9737],[-77.0133,38.9734],[-77.0134,38.9732],[-77.0136,38.9731],[-77.0137,38.9729],[-77.0139,38.9727],[-77.014,38.9725],[-77.0142,38.9724],[-77.0143,38.9722],[-77.0147,38.9718],[-77.0149,38.9716],[-77.0151,38.9714],[-77.0154,38.9711],[-77.0152,38.9709],[-77.0149,38.9703],[-77.0148,38.9701],[-77.0145,38.9696],[-77.0143,38.9692],[-77.014,38.9687],[-77.0138,38.9683],[-77.0136,38.968],[-77.0134,38.9677],[-77.0131,38.9673],[-77.0129,38.967],[-77.0127,38.9668],[-77.0123,38.9664],[-77.012,38.9661],[-77.0118,38.9659],[-77.0115,38.9656],[-77.0113,38.9654],[-77.0111,38.9652],[-77.0109,38.965],[-77.0106,38.9648],[-77.0102,38.9645],[-77.0099,38.9642],[-77.0096,38.964],[-77.0091,38.9635],[-77.0088,38.9633],[-77.0085,38.963],[-77.0082,38.9628],[-77.0079,38.9625],[-77.0076,38.9622],[-77.0074,38.9621],[-77.0071,38.9618],[-77.0068,38.9615],[-77.0065,38.9611],[-77.0062,38.9608],[-77.006,38.9605],[-77.0058,38.9602],[-77.0056,38.9598],[-77.0054,38.9595],[-77.0051,38.9592],[-77.005,38.9588],[-77.0048,38.9585],[-77.0047,38.9583],[-77.0046,38.9579],[-77.0044,38.9576],[-77.0043,38.9572],[-77.004,38.9565],[-77.0038,38.9561],[-77.0038,38.956],[-77.0044,38.9558],[-77.0048,38.9558],[-77.0053,38.9556],[-77.0057,38.9555],[-77.0063,38.9554],[-77.0064,38.9554],[-77.0066,38.9553],[-77.0069,38.9553],[-77.0072,38.9552],[-77.0074,38.9552],[-77.0077,38.9551],[-77.0082,38.955],[-77.0086,38.9549],[-77.0088,38.9548],[-77.009,38.9548],[-77.0092,38.9548],[-77.0093,38.9549],[-77.0095,38.9549],[-77.0098,38.955],[-77.0103,38.9552],[-77.011,38.9554],[-77.0113,38.9555],[-77.0116,38.9556],[-77.0126,38.9559],[-77.0133,38.9562],[-77.0136,38.9563],[-77.0141,38.9564],[-77.015,38.9567],[-77.0155,38.9569],[-77.0158,38.957],[-77.0164,38.9572],[-77.0168,38.9573],[-77.0171,38.9574],[-77.0175,38.9576],[-77.0181,38.9578],[-77.0186,38.9579],[-77.0189,38.958],[-77.0194,38.9582],[-77.0198,38.9583],[-77.02,38.9583],[-77.0207,38.9586],[-77.0217,38.9589],[-77.0221,38.959],[-77.0226,38.9592],[-77.0232,38.9594],[-77.0239,38.9596],[-77.0243,38.9598],[-77.0253,38.9601],[-77.026,38.9603],[-77.0265,38.9605],[-77.0268,38.9606],[-77.0272,38.9607],[-77.028,38.961],[-77.028,38.9613],[-77.0287,38.9614],[-77.0289,38.9614],[-77.0292,38.9614],[-77.0297,38.9615],[-77.0301,38.9616],[-77.0308,38.9617],[-77.0315,38.9618],[-77.032,38.9619],[-77.0326,38.9619],[-77.0332,38.962],[-77.0338,38.9621],[-77.0343,38.9622],[-77.0347,38.9623],[-77.0352,38.9623],[-77.0356,38.9624],[-77.036,38.9625],[-77.0366,38.9626],[-77.037,38.9627],[-77.0373,38.9628],[-77.0376,38.9628],[-77.0379,38.9629],[-77.0382,38.963],[-77.0385,38.9631],[-77.0388,38.9631],[-77.039,38.9631],[-77.0397,38.9631],[-77.0397,38.9634],[-77.0396,38.9635],[-77.0395,38.9636],[-77.0394,38.9637],[-77.0391,38.9638],[-77.0389,38.9638],[-77.0387,38.9638],[-77.0381,38.9637],[-77.0376,38.9636],[-77.0372,38.9636],[-77.0372,38.9657],[-77.0374,38.9659],[-77.0375,38.966],[-77.0375,38.9661],[-77.0376,38.9662],[-77.0377,38.9663],[-77.0383,38.9671],[-77.0383,38.9672],[-77.0384,38.9673],[-77.039,38.9699],[-77.0391,38.97],[-77.0391,38.9701],[-77.0391,38.9702],[-77.0391,38.9703],[-77.039,38.9704],[-77.0389,38.9706],[-77.0388,38.9706],[-77.0387,38.9707],[-77.0385,38.9707],[-77.0384,38.9707],[-77.0381,38.9708],[-77.0372,38.9709],[-77.0372,38.9721],[-77.0372,38.9722],[-77.0365,38.9723]]]]}},{"type":"Feature","properties":{"i":23},"geometry":{"type":"MultiPolygon","coordinates":[[[[-77.0116,38.9444],[-77.0119,38.9444],[-77.0121,38.9444],[-77.0125,38.9444],[-77.0128,38.9444],[-77.013,38.9444],[-77.013,38.9445],[-77.013,38.9446],[-77.0131,38.9447],[-77.0133,38.9447],[-77.0134,38.9448],[-77.0136,38.9449],[-77.0139,38.9449],[-77.0142,38.9449],[-77.0144,38.9449],[-77.0145,38.9449],[-77.0146,38.945],[-77.0147,38.9452],[-77.0147,38.9453],[-77.0149,38.9454],[-77.015,38.9455],[-77.0151,38.9455],[-77.0153,38.9455],[-77.0154,38.9456],[-77.0156,38.9457],[-77.0157,38.9457],[-77.0158,38.9458],[-77.0159,38.9459],[-77.0159,38.9461],[-77.016,38.9461],[-77.016,38.9463],[-77.0161,38.9464],[-77.0163,38.9464],[-77.0165,38.9464],[-77.0168,38.9464],[-77.0167,38.9466],[-77.0166,38.9467],[-77.0164,38.9469],[-77.0163,38.9471],[-77.0162,38.9473],[-77.016,38.9475],[-77.0158,38.9477],[-77.0156,38.948],[-77.0155,38.9482],[-77.0153,38.9485],[-77.0151,38.9487],[-77.0148,38.9492],[-77.0146,38.9495],[-77.0145,38.9496],[-77.0143,38.9498],[-77.0141,38.9501],[-77.0139,38.9504],[-77.0137,38.9507],[-77.0135,38.9509],[-77.0133,38.9512],[-77.013,38.9516],[-77.0126,38.9521],[-77.0124,38.9523],[-77.0121,38.9527],[-77.0117,38.9532],[-77.0116,38.9534],[-77.0115,38.9536],[-77.0114,38.9537],[-77.0111,38.9541],[-77.0109,38.9544],[-77.0107,38.9546],[-77.0105,38.9549],[-77.0103,38.9552],[-77.0098,38.955],[-77.0095,38.9549],[-77.0093,38.9549],[-77.0092,38.9548],[-77.009,38.9548],[-77.0088,38.9548],[-77.0086,38.9549],[-77.0082,38.955],[-77.0077,38.9551],[-77.0074,38.9552],[-77.0072,38.9552],[-77.0069,38.9553],[-77.0066,38.9553],[-77.0064,38.9554],[-77.0063,38.9554],[-77.0057,38.9555],[-77.0053,38.9556],[-77.0048,38.9558],[-77.0044,38.9558],[-77.0038,38.956],[-77.0038,38.9561],[-77.004,38.9565],[-77.0043,38.9572],[-77.0044,38.9576],[-77.0046,38.9579],[-77.0047,38.9583],[-77.0048,38.9585],[-77.005,38.9588],[-77.0051,38.9592],[-77.0054,38.9595],[-77.0056,38.9598],[-77.0058,38.9602],[-77.006,38.9605],[-77.0062,38.9608],[-77.0065,38.9611],[-77.0068,38.9615],[-77.0071,38.9618],[-77.0074,38.9621],[-77.0076,38.9622],[-77.0079,38.9625],[-77.0082,38.9628],[-77.0085,38.963],[-77.0088,38.9633],[-77.0091,38.9635],[-77.0096,38.964],[-77.0099,38.9642],[-77.0102,38.9645],[-77.0106,38.9648],[-77.0109,38.965],[-77.0111,38.9652],[-77.0113,38.9654],[-77.0115,38.9656],[-77.0118,38.9659],[-77.012,38.9661],[-77.0123,38.9664],[-77.0127,38.9668],[-77.0129,38.967],[-77.0131,38.9673],[-77.0134,38.9677],[-77.0136,38.968],[-77.0138,38.9683],[-77.014,38.9687],[-77.0143,38.9692],[-77.0145,38.9696],[-77.0148,38.9701],[-77.0149,38.9703],[-77.0152,38.9709],[-77.0154,38.9711],[-77.0151,38.9714],[-77.0149,38.9716],[-77.0147,38.9718],[-77.0143,38.9722],[-77.0142,38.9724],[-77.014,38.9725],[-77.0139,38.9727],[-77.0137,38.9729],[-77.0136,38.9731],[-77.0134,38.9732],[-77.0133,38.9734],[-77.013,38.9737],[-77.0129,38.9738],[-77.0128,38.974],[-77.0109,38.9725],[-77.0059,38.9686],[-77.0051,38.968],[-77.0043,38.9674],[-77.0034,38.9667],[-77.0024,38.9658],[-77.0012,38.965],[-76.9984,38.9628],[-76.997,38.9617],[-76.9878,38.9545],[-76.9855,38.9527],[-76.9858,38.9527],[-76.9859,38.9526],[-76.986,38.9526],[-76.9863,38.9526],[-76.9865,38.9527],[-76.987,38.9529],[-76.9875,38.953],[-76.9879,38.9531],[-76.9884,38.9532],[-76.9888,38.9533],[-76.9892,38.9534],[-76.9897,38.9535],[-76.9902,38.9536],[-76.9908,38.9536],[-76.9912,38.9536],[-76.9918,38.9536],[-76.9922,38.9536],[-76.9926,38.9535],[-76.9932,38.9535],[-76.9936,38.9534],[-76.9941,38.9532],[-76.9945,38.9531],[-76.9952,38.9529],[-76.9956,38.9528],[-76.996,38.9527],[-76.9965,38.9527],[-76.9968,38.9526],[-76.9972,38.9526],[-76.9976,38.9526],[-76.998,38.9526],[-76.9984,38.9526],[-76.9986,38.9526],[-76.9989,38.9526],[-76.9992,38.9525],[-76.9994,38.9525],[-76.9996,38.9525],[-76.9998,38.9525],[-77.0,38.9526],[-77.0002,38.9527],[-77.0004,38.9528],[-77.0008,38.9527],[-77.0011,38.9527],[-77.0014,38.9527],[-77.0017,38.9527],[-77.002,38.9526],[-77.0021,38.9526],[-77.0023,38.9525],[-77.0022,38.9523],[-77.0021,38.9519],[-77.002,38.9516],[-77.0018,38.9513],[-77.0016,38.951],[-77.0014,38.9504],[-77.0012,38.95],[-77.001,38.9497],[-77.0009,38.9492],[-77.0007,38.9488],[-77.0006,38.9485],[-77.0013,38.9483],[-77.0021,38.9481],[-77.0025,38.948],[-77.0025,38.9478],[-77.0026,38.9475],[-77.0027,38.9471],[-77.0029,38.9467],[-77.003,38.9464],[-77.0034,38.9463],[-77.0042,38.946],[-77.0049,38.9457],[-77.0046,38.9455],[-77.0044,38.9453],[-77.004,38.945],[-77.0038,38.9447],[-77.0037,38.9445],[-77.0033,38.9443],[-77.0029,38.9441],[-77.0024,38.9438],[-77.0021,38.9435],[-77.0017,38.9432],[-77.0014,38.9429],[-77.0012,38.9426],[-77.0001,38.9413],[-77.0,38.9411],[-76.9997,38.9409],[-76.9997,38.9407],[-77.003,38.9408],[-77.0028,38.9396],[-77.0021,38.9362],[-77.0023,38.9361],[-77.0025,38.9362],[-77.0027,38.9362],[-77.0028,38.9363],[-77.003,38.9364],[-77.0032,38.9366],[-77.0034,38.9366],[-77.0036,38.9367],[-77.0037,38.9367],[-77.0039,38.9368],[-77.004,38.9368],[-77.0042,38.9368],[-77.0044,38.9368],[-77.0046,38.9368],[-77.0047,38.9368],[-77.0048,38.9368],[-77.0049,38.9368],[-77.0052,38.9367],[-77.0054,38.9367],[-77.0056,38.9367],[-77.0057,38.9367],[-77.0059,38.9367],[-77.0062,38.9366],[-77.0064,38.9366],[-77.0064,38.9368],[-77.0065,38.937],[-77.0066,38.9373],[-77.0067,38.9375],[-77.0068,38.9377],[-77.0069,38.938],[-77.0071,38.9383],[-77.0073,38.9386],[-77.0073,38.9387],[-77.0075,38.939],[-77.0076,38.9392],[-77.0077,38.9394],[-77.0078,38.9397],[-77.008,38.9399],[-77.0082,38.9402],[-77.0083,38.9405],[-77.0083,38.9407],[-77.0084,38.9409],[-77.0084,38.9411],[-77.0084,38.9412],[-77.0084,38.9414],[-77.0084,38.9415],[-77.0083,38.9416],[-77.0083,38.9418],[-77.0082,38.9419],[-77.0082,38.9421],[-77.0081,38.9422],[-77.008,38.9424],[-77.0081,38.9424],[-77.0082,38.9424],[-77.0083,38.9425],[-77.0085,38.9426],[-77.0087,38.9427],[-77.009,38.9428],[-77.0091,38.9429],[-77.0092,38.943],[-77.0093,38.9431],[-77.0095,38.9432],[-77.0097,38.9433],[-77.0099,38.9435],[-77.01,38.9436],[-77.0102,38.9439],[-77.0104,38.9441],[-77.0106,38.9442],[-77.0108,38.9445],[-77.0109,38.9446],[-77.0111,38.9445],[-77.0112,38.9445],[-77.0113,38.9444],[-77.0114,38.9444],[-77.0115,38.9443],[-77.0116,38.9443],[-77.0116,38.9444]]]]}},{"type":"Feature","properties":{"i":6},"geometry":{"type":"MultiPolygon","coordinates":[[[[-77.0365,38.9748],[-77.0371,38.9748],[-77.0371,38.9803],[-77.0386,38.9805],[-77.0389,38.9805],[-77.0392,38.9805],[-77.0394,38.9805],[-77.0396,38.9806],[-77.0397,38.9807],[-77.0398,38.9808],[-77.0399,38.981],[-77.0399,38.9811],[-77.0399,38.9813],[-77.0398,38.9814],[-77.0398,38.9816],[-77.0398,38.982],[-77.0408,38.9831],[-77.0409,38.9832],[-77.0409,38.9833],[-77.041,38.9835],[-77.0409,38.9836],[-77.0409,38.9837],[-77.0408,38.9838],[-77.0407,38.9839],[-77.0403,38.9841],[-77.0404,38.9845],[-77.0405,38.9846],[-77.0408,38.9847],[-77.0409,38.9847],[-77.0411,38.9848],[-77.0413,38.9849],[-77.0414,38.985],[-77.0416,38.9851],[-77.0417,38.9852],[-77.0418,38.9853],[-77.042,38.9853],[-77.042,38.985],[-77.0421,38.9848],[-77.0421,38.9847],[-77.0422,38.9846],[-77.0423,38.9845],[-77.0424,38.9844],[-77.0426,38.9844],[-77.0427,38.9843],[-77.0437,38.9843],[-77.0439,38.9843],[-77.0442,38.9843],[-77.0444,38.9844],[-77.0447,38.9845],[-77.0448,38.9845],[-77.045,38.9846],[-77.0451,38.9847],[-77.0452,38.9848],[-77.0454,38.985],[-77.0454,38.9851],[-77.0455,38.9852],[-77.0457,38.9853],[-77.0459,38.9854],[-77.0461,38.9855],[-77.0463,38.9856],[-77.0465,38.9857],[-77.0467,38.9858],[-77.0468,38.9859],[-77.047,38.986],[-77.0471,38.9862],[-77.0472,38.9863],[-77.0474,38.9864],[-77.0475,38.9865],[-77.0477,38.9866],[-77.0478,38.9867],[-77.048,38.9868],[-77.0481,38.9869],[-77.0482,38.987],[-77.0483,38.9872],[-77.0483,38.9873],[-77.0484,38.9874],[-77.0484,38.9875],[-77.0484,38.9877],[-77.0484,38.9878],[-77.0485,38.9879],[-77.0486,38.988],[-77.0488,38.9881],[-77.049,38.9883],[-77.049,38.9884],[-77.0491,38.9885],[-77.0491,38.9888],[-77.0493,38.9895],[-77.0486,38.99],[-77.047,38.9913],[-77.0443,38.9933],[-77.0443,38.9934],[-77.041,38.996],[-77.0363,38.9923],[-77.0333,38.99],[-77.0328,38.9896],[-77.0321,38.9891],[-77.0309,38.9881],[-77.0295,38.987],[-77.0283,38.9861],[-77.0266,38.9848],[-77.0266,38.9843],[-77.0266,38.9839],[-77.0266,38.9833],[-77.0266,38.9827],[-77.0265,38.982],[-77.0265,38.9814],[-77.0265,38.9809],[-77.0265,38.9801],[-77.0265,38.9796],[-77.0265,38.9793],[-77.0264,38.9789],[-77.0264,38.9787],[-77.0264,38.9784],[-77.0264,38.9783],[-77.0264,38.9781],[-77.0264,38.978],[-77.0269,38.978],[-77.0273,38.978],[-77.0279,38.978],[-77.029,38.978],[-77.0297,38.978],[-77.0306,38.978],[-77.0311,38.978],[-77.0316,38.978],[-77.032,38.978],[-77.0329,38.978],[-77.033,38.978],[-77.0363,38.9749],[-77.0364,38.9748],[-77.0365,38.9748]]]]}},{"type":"Feature","properties":{"i":18},"geometry":{"type":"MultiPolygon","coordinates":[[[[-77.0803,38.9617],[-77.0803,38.9621],[-77.0803,38.9624],[-77.0803,38.9628],[-77.0803,38.9631],[-77.0803,38.9639],[-77.0803,38.9648],[-77.0803,38.9652],[-77.0784,38.9667],[-77.0776,38.9674],[-77.0769,38.9679],[-77.0758,38.9688],[-77.075,38.9694],[-77.0731,38.9708],[-77.0717,38.9719],[-77.0706,38.9729],[-77.0697,38.9735],[-77.0624,38.9793],[-77.0613,38.9801],[-77.0599,38.9812],[-77.0575,38.983],[-77.0545,38.9854],[-77.054,38.9858],[-77.0538,38.9857],[-77.0537,38.9857],[-77.0535,38.9856],[-77.0534,38.9855],[-77.0533,38.9854],[-77.0532,38.9854],[-77.0529,38.9851],[-77.0528,38.9851],[-77.0525,38.9848],[-77.0525,38.9847],[-77.0522,38.9843],[-77.0522,38.9842],[-77.052,38.9836],[-77.052,38.9835],[-77.0518,38.9827],[-77.0516,38.9814],[-77.0515,38.9806],[-77.0515,38.9805],[-77.0514,38.9798],[-77.0514,38.9797],[-77.0514,38.9796],[-77.0516,38.9783],[-77.0518,38.977],[-77.0525,38.9728],[-77.0528,38.9708],[-77.0529,38.9699],[-77.0531,38.969],[-77.0532,38.9678],[-77.0533,38.9674],[-77.0535,38.9668],[-77.0536,38.9659],[-77.0537,38.9655],[-77.0536,38.9654],[-77.0534,38.965],[-77.053,38.9646],[-77.0526,38.9641],[-77.0526,38.964],[-77.0524,38.9636],[-77.0524,38.9635],[-77.0523,38.9635],[-77.0522,38.9628],[-77.052,38.9619],[-77.0519,38.9616],[-77.0519,38.9615],[-77.0519,38.9614],[-77.0519,38.9613],[-77.052,38.9612],[-77.052,38.9611],[-77.0521,38.9611],[-77.0522,38.961],[-77.0523,38.961],[-77.0529,38.9608],[-77.053,38.9608],[-77.0532,38.9608],[-77.0538,38.9606],[-77.0544,38.9605],[-77.0553,38.9604],[-77.0553,38.9603],[-77.0554,38.9603],[-77.0555,38.9603],[-77.0555,38.9602],[-77.0554,38.9596],[-77.0553,38.9592],[-77.0553,38.9591],[-77.0553,38.959],[-77.0555,38.9586],[-77.0558,38.9582],[-77.056,38.9577],[-77.0561,38.9577],[-77.0562,38.9576],[-77.0563,38.9572],[-77.0567,38.9569],[-77.0572,38.9565],[-77.0573,38.9563],[-77.058,38.9567],[-77.0581,38.9568],[-77.0582,38.9569],[-77.0584,38.957],[-77.0585,38.9571],[-77.0587,38.9573],[-77.0588,38.9574],[-77.0591,38.9575],[-77.0593,38.9576],[-77.0596,38.9576],[-77.0599,38.9577],[-77.0602,38.9578],[-77.0605,38.9578],[-77.0607,38.9578],[-77.0609,38.9578],[-77.0612,38.9579],[-77.0615,38.9579],[-77.0618,38.9579],[-77.0619,38.9579],[-77.0622,38.9579],[-77.0625,38.958],[-77.0627,38.958],[-77.063,38.958],[-77.0632,38.958],[-77.0634,38.958],[-77.0636,38.9581],[-77.0637,38.9581],[-77.064,38.9582],[-77.0642,38.9583],[-77.0644,38.9583],[-77.0646,38.9584],[-77.0648,38.9584],[-77.0651,38.9585],[-77.0653,38.9585],[-77.0655,38.9586],[-77.0657,38.9586],[-77.066,38.9586],[-77.0662,38.9586],[-77.0665,38.9583],[-77.0667,38.9582],[-77.0669,38.958],[-77.0672,38.9578],[-77.0674,38.9577],[-77.0676,38.9575],[-77.0678,38.9573],[-77.0679,38.9572],[-77.068,38.957],[-77.0682,38.9569],[-77.0683,38.9567],[-77.0684,38.9565],[-77.0685,38.9563],[-77.0686,38.9561],[-77.0687,38.956],[-77.0689,38.9558],[-77.0689,38.9556],[-77.069,38.9554],[-77.0691,38.9553],[-77.0691,38.9552],[-77.0692,38.955],[-77.0692,38.9548],[-77.0692,38.9547],[-77.0698,38.9547],[-77.0708,38.9547],[-77.0716,38.9547],[-77.0718,38.9547],[-77.0724,38.9547],[-77.0727,38.9547],[-77.0729,38.955],[-77.0731,38.9553],[-77.0732,38.9554],[-77.0733,38.9557],[-77.0735,38.9559],[-77.0736,38.9561],[-77.0738,38.9563],[-77.074,38.9565],[-77.0741,38.9566],[-77.0743,38.9568],[-77.0745,38.9569],[-77.0746,38.957],[-77.0748,38.9572],[-77.0751,38.9574],[-77.0754,38.9576],[-77.0755,38.9577],[-77.0758,38.9579],[-77.076,38.958],[-77.0763,38.9581],[-77.0765,38.9582],[-77.0767,38.9583],[-77.0771,38.9585],[-77.0772,38.9586],[-77.078,38.959],[-77.0782,38.959],[-77.0785,38.9592],[-77.0787,38.9593],[-77.0789,38.9595],[-77.0791,38.9597],[-77.0793,38.9598],[-77.0795,38.96],[-77.0797,38.9603],[-77.0798,38.9605],[-77.08,38.9607],[-77.0801,38.961],[-77.0801,38.9611],[-77.0802,38.9614],[-77.0803,38.9617]]]]}},{"type":"Feature","properties":{"i":19},"geometry":{"type":"MultiPolygon","coordinates":[[[[-76.9951,38.8672],[-76.9951,38.8675],[-76.9951,38.8681],[-76.995,38.8684],[-76.9948,38.8684],[-76.9946,38.8684],[-76.9943,38.8684],[-76.994,38.8684],[-76.9937,38.8685],[-76.9935,38.8685],[-76.9933,38.8685],[-76.993,38.8686],[-76.9927,38.8687],[-76.9925,38.8688],[-76.9924,38.8688],[-76.9922,38.8689],[-76.992,38.869],[-76.9918,38.8691],[-76.9916,38.8692],[-76.9915,38.8693],[-76.9913,38.8694],[-76.9911,38.8696],[-76.9908,38.8694],[-76.99,38.8688],[-76.9891,38.868],[-76.989,38.8679],[-76.9886,38.8674],[-76.9871,38.8671],[-76.9851,38.8668],[-76.9822,38.8663],[-76.9808,38.866],[-76.979,38.8657],[-76.9786,38.8656],[-76.9783,38.8655],[-76.978,38.8654],[-76.9777,38.8653],[-76.9766,38.8648],[-76.9747,38.8639],[-76.9732,38.8632],[-76.9728,38.8631],[-76.9746,38.8614],[-76.9754,38.8606],[-76.9759,38.861],[-76.9763,38.8613],[-76.9766,38.8614],[-76.9774,38.8609],[-76.9772,38.8607],[-76.9772,38.8605],[-76.9773,38.8603],[-76.9775,38.8601],[-76.9777,38.86],[-76.9779,38.8598],[-76.978,38.8595],[-76.9782,38.8593],[-76.9782,38.859],[-76.9781,38.8588],[-76.978,38.8586],[-76.978,38.8583],[-76.9778,38.858],[-76.9777,38.8579],[-76.9775,38.8576],[-76.9772,38.8574],[-76.9771,38.8573],[-76.9773,38.8573],[-76.9802,38.8573],[-76.9805,38.8573],[-76.9829,38.8569],[-76.983,38.8569],[-76.9835,38.8571],[-76.9837,38.8573],[-76.9838,38.8573],[-76.9846,38.8578],[-76.9855,38.8585],[-76.9862,38.859],[-76.9864,38.8591],[-76.9869,38.8595],[-76.9871,38.8596],[-76.988,38.8602],[-76.9883,38.8603],[-76.9884,38.8605],[-76.9891,38.8612],[-76.9893,38.8614],[-76.9908,38.8623],[-76.9913,38.8626],[-76.9918,38.863],[-76.992,38.8631],[-76.9921,38.8634],[-76.9923,38.8637],[-76.9926,38.864],[-76.9929,38.8644],[-76.9942,38.8655],[-76.9945,38.8659],[-76.9948,38.8665],[-76.995,38.867],[-76.9951,38.8672]]]]}},{"type":"Feature","properties":{"i":15},"geometry":{"type":"MultiPolygon","coordinates":[[[[-76.9677,38.8658],[-76.9676,38.8655],[-76.9673,38.8656],[-76.9671,38.8656],[-76.9664,38.8653],[-76.9662,38.8653],[-76.966,38.8653],[-76.9659,38.8655],[-76.9657,38.8656],[-76.9654,38.8657],[-76.9652,38.8656],[-76.9648,38.8656],[-76.9597,38.8656],[-76.9596,38.8653],[-76.9573,38.8656],[-76.9556,38.864],[-76.9554,38.8641],[-76.9552,38.8642],[-76.9515,38.8655],[-76.9513,38.8656],[-76.9499,38.865],[-76.9475,38.8641],[-76.9467,38.8637],[-76.9498,38.8612],[-76.9517,38.8598],[-76.9523,38.8593],[-76.9536,38.8583],[-76.9549,38.8573],[-76.9571,38.8556],[-76.958,38.8549],[-76.9618,38.8519],[-76.9621,38.8519],[-76.9624,38.8519],[-76.9627,38.852],[-76.9629,38.8521],[-76.9633,38.8524],[-76.9644,38.8534],[-76.9652,38.8543],[-76.9655,38.8545],[-76.9657,38.8548],[-76.9665,38.8559],[-76.967,38.8565],[-76.9673,38.8571],[-76.9677,38.8576],[-76.9679,38.858],[-76.9681,38.8583],[-76.9682,38.8587],[-76.9682,38.859],[-76.9682,38.8593],[-76.9682,38.8598],[-76.9681,38.8602],[-76.9684,38.8604],[-76.9686,38.8605],[-76.9688,38.8607],[-76.9691,38.8609],[-76.9693,38.8612],[-76.9695,38.8614],[-76.9698,38.8616],[-76.9699,38.8617],[-76.9701,38.8618],[-76.9703,38.8619],[-76.9705,38.8621],[-76.971,38.8623],[-76.9715,38.8625],[-76.9717,38.8626],[-76.972,38.8627],[-76.9724,38.8629],[-76.9728,38.8631],[-76.9727,38.8633],[-76.9725,38.8636],[-76.9723,38.8637],[-76.9721,38.8638],[-76.9719,38.864],[-76.9715,38.8641],[-76.971,38.8642],[-76.9708,38.8643],[-76.9708,38.8645],[-76.9708,38.8648],[-76.9707,38.8651],[-76.9705,38.8654],[-76.9704,38.8657],[-76.9703,38.8661],[-76.9702,38.8663],[-76.97,38.8665],[-76.9696,38.8667],[-76.9693,38.8669],[-76.9691,38.8672],[-76.969,38.8676],[-76.969,38.868],[-76.9686,38.8679],[-76.9678,38.8677],[-76.9677,38.8658]]]]}},{"type":"Feature","properties":{"i":30},"geometry":{"type":"MultiPolygon","coordinates":[[[[-76.9835,38.8571],[-76.983,38.8569],[-76.9829,38.8569],[-76.9805,38.8573],[-76.9802,38.8573],[-76.9773,38.8573],[-76.9771,38.8573],[-76.977,38.8572],[-76.9768,38.8572],[-76.9765,38.857],[-76.9755,38.8563],[-76.976,38.8558],[-76.9742,38.8546],[-76.9742,38.853],[-76.9742,38.8525],[-76.9747,38.8529],[-76.975,38.8531],[-76.9753,38.8532],[-76.9756,38.8534],[-76.9759,38.8535],[-76.9764,38.8538],[-76.9772,38.854],[-76.9778,38.8541],[-76.9785,38.8542],[-76.9792,38.8543],[-76.9799,38.8542],[-76.9805,38.8542],[-76.9811,38.8541],[-76.9818,38.8539],[-76.9827,38.8535],[-76.9833,38.8533],[-76.9838,38.8531],[-76.9845,38.8529],[-76.9851,38.8528],[-76.9858,38.8528],[-76.9865,38.8527],[-76.9872,38.8527],[-76.9881,38.8528],[-76.9887,38.8528],[-76.9894,38.8529],[-76.99,38.853],[-76.9906,38.8532],[-76.9911,38.8533],[-76.9916,38.8535],[-76.992,38.8536],[-76.9923,38.8538],[-76.9929,38.8539],[-76.993,38.854],[-76.9999,38.8581],[-77.0036,38.8604],[-77.0033,38.8608],[-77.0031,38.8614],[-77.0029,38.8619],[-77.0028,38.8623],[-77.0027,38.8628],[-77.0027,38.864],[-77.0027,38.8649],[-77.0027,38.8657],[-77.0026,38.8669],[-77.0027,38.8673],[-77.0031,38.8677],[-77.0034,38.8679],[-77.0037,38.8681],[-77.0036,38.8682],[-77.0035,38.8683],[-77.0034,38.8685],[-77.0033,38.8686],[-77.0032,38.8688],[-77.0031,38.8689],[-77.003,38.8691],[-77.0028,38.8692],[-77.0027,38.8693],[-77.0025,38.8694],[-77.0022,38.8695],[-77.002,38.8696],[-77.0018,38.8697],[-77.0016,38.8697],[-77.0012,38.8698],[-77.0009,38.8698],[-77.0006,38.8698],[-77.0004,38.8697],[-77.0001,38.8697],[-76.9999,38.8696],[-76.9995,38.8695],[-76.9992,38.8694],[-76.9989,38.8693],[-76.9986,38.8693],[-76.9983,38.8692],[-76.9979,38.8691],[-76.9963,38.8687],[-76.996,38.8686],[-76.9957,38.8685],[-76.9955,38.8685],[-76.9954,38.8684],[-76.9952,38.8684],[-76.995,38.8684],[-76.9951,38.8681],[-76.9951,38.8675],[-76.9951,38.8672],[-76.995,38.867],[-76.9948,38.8665],[-76.9945,38.8659],[-76.9942,38.8655],[-76.9929,38.8644],[-76.9926,38.864],[-76.9923,38.8637],[-76.9921,38.8634],[-76.992,38.8631],[-76.9918,38.863],[-76.9913,38.8626],[-76.9908,38.8623],[-76.9893,38.8614],[-76.9891,38.8612],[-76.9884,38.8605],[-76.9883,38.8603],[-76.988,38.8602],[-76.9871,38.8596],[-76.9869,38.8595],[-76.9864,38.8591],[-76.9862,38.859],[-76.9855,38.8585],[-76.9846,38.8578],[-76.9838,38.8573],[-76.9837,38.8573],[-76.9835,38.8571]]]]}},{"type":"Feature","properties":{"i":34},"geometry":{"type":"MultiPolygon","coordinates":[[[[-76.9627,38.8824],[-76.9614,38.8824],[-76.9608,38.8824],[-76.9598,38.8824],[-76.9598,38.8822],[-76.9598,38.882],[-76.9593,38.882],[-76.9591,38.882],[-76.9587,38.882],[-76.9592,38.8813],[-76.9595,38.8808],[-76.9598,38.8804],[-76.9599,38.8802],[-76.9603,38.8798],[-76.9607,38.8791],[-76.9611,38.8785],[-76.9609,38.8783],[-76.9608,38.8782],[-76.9608,38.878],[-76.9609,38.8778],[-76.9607,38.8778],[-76.9588,38.877],[-76.9562,38.876],[-76.9529,38.8746],[-76.9498,38.8733],[-76.9461,38.8718],[-76.9396,38.8692],[-76.9407,38.8684],[-76.9413,38.8679],[-76.9458,38.8644],[-76.9467,38.8637],[-76.9475,38.8641],[-76.9499,38.865],[-76.9513,38.8656],[-76.9515,38.8655],[-76.9552,38.8642],[-76.9554,38.8641],[-76.9556,38.864],[-76.9573,38.8656],[-76.9596,38.8653],[-76.9597,38.8656],[-76.9648,38.8656],[-76.9652,38.8656],[-76.9654,38.8657],[-76.9657,38.8656],[-76.9659,38.8655],[-76.966,38.8653],[-76.9662,38.8653],[-76.9664,38.8653],[-76.9671,38.8656],[-76.9673,38.8656],[-76.9676,38.8655],[-76.9677,38.8658],[-76.9678,38.8677],[-76.9686,38.8679],[-76.969,38.868],[-76.969,38.8676],[-76.9691,38.8672],[-76.9693,38.8669],[-76.9696,38.8667],[-76.97,38.8665],[-76.9702,38.8663],[-76.9703,38.8661],[-76.9704,38.8657],[-76.9705,38.8654],[-76.9707,38.8651],[-76.9708,38.8648],[-76.9708,38.8645],[-76.9708,38.8643],[-76.971,38.8642],[-76.9715,38.8641],[-76.9719,38.864],[-76.9721,38.8638],[-76.9723,38.8637],[-76.9725,38.8636],[-76.9727,38.8633],[-76.9728,38.8631],[-76.9732,38.8632],[-76.9747,38.8639],[-76.9766,38.8648],[-76.9777,38.8653],[-76.978,38.8654],[-76.9783,38.8655],[-76.9786,38.8656],[-76.979,38.8657],[-76.9808,38.866],[-76.9822,38.8663],[-76.9851,38.8668],[-76.9871,38.8671],[-76.9886,38.8674],[-76.989,38.8679],[-76.9891,38.868],[-76.99,38.8688],[-76.9908,38.8694],[-76.9911,38.8696],[-76.9909,38.8697],[-76.9907,38.8699],[-76.9904,38.8701],[-76.9901,38.8703],[-76.9899,38.8705],[-76.9897,38.8706],[-76.9896,38.8707],[-76.9894,38.8708],[-76.989,38.871],[-76.9887,38.8712],[-76.9885,38.8713],[-76.9883,38.8713],[-76.9881,38.8714],[-76.988,38.8715],[-76.9878,38.8716],[-76.9874,38.8718],[-76.987,38.872],[-76.9868,38.8721],[-76.9867,38.8722],[-76.9865,38.8723],[-76.9861,38.8725],[-76.9859,38.8726],[-76.9857,38.8727],[-76.9855,38.8728],[-76.9854,38.8729],[-76.9853,38.873],[-76.9854,38.8732],[-76.9852,38.8732],[-76.985,38.8731],[-76.9848,38.8732],[-76.9845,38.8733],[-76.9844,38.8734],[-76.9843,38.8734],[-76.9841,38.8735],[-76.9839,38.8736],[-76.9834,38.8738],[-76.9831,38.8739],[-76.9828,38.8741],[-76.9825,38.8742],[-76.9823,38.8743],[-76.9819,38.8744],[-76.9815,38.8746],[-76.9809,38.8748],[-76.9802,38.8751],[-76.9799,38.8752],[-76.9795,38.8753],[-76.9787,38.8755],[-76.978,38.8757],[-76.9776,38.8759],[-76.977,38.876],[-76.9769,38.8761],[-76.9766,38.8762],[-76.9764,38.8762],[-76.9759,38.8764],[-76.9754,38.8765],[-76.9748,38.8767],[-76.9746,38.8768],[-76.9744,38.8769],[-76.9741,38.8769],[-76.9739,38.877],[-76.9737,38.8771],[-76.9734,38.8772],[-76.9732,38.8772],[-76.9731,38.8773],[-76.9729,38.8774],[-76.9727,38.8775],[-76.9725,38.8776],[-76.9723,38.8778],[-76.9722,38.8779],[-76.972,38.878],[-76.9719,38.8781],[-76.9718,38.8783],[-76.9717,38.8784],[-76.9716,38.8786],[-76.9715,38.8787],[-76.9714,38.8789],[-76.9713,38.879],[-76.9711,38.8792],[-76.971,38.8794],[-76.9709,38.8795],[-76.9709,38.8796],[-76.9707,38.8799],[-76.9706,38.88],[-76.9704,38.8803],[-76.9704,38.8805],[-76.9704,38.8807],[-76.9702,38.8808],[-76.97,38.8809],[-76.9699,38.8811],[-76.9698,38.8812],[-76.9697,38.8814],[-76.9695,38.8816],[-76.9694,38.8817],[-76.9693,38.8818],[-76.9692,38.8819],[-76.9691,38.882],[-76.969,38.8822],[-76.9688,38.8823],[-76.9687,38.8824],[-76.9686,38.8825],[-76.9655,38.8826],[-76.9627,38.8824]]]]}},{"type":"Feature","properties":{"i":35},"geometry":{"type":"MultiPolygon","coordinates":[[[[-77.0091,38.9057],[-77.0091,38.9074],[-77.0088,38.9075],[-77.0087,38.9075],[-77.0064,38.9083],[-77.0046,38.9089],[-77.0045,38.9089],[-77.0038,38.9086],[-77.0032,38.9083],[-77.0023,38.9079],[-77.0019,38.9077],[-77.0015,38.9076],[-77.0011,38.9074],[-77.0005,38.9072],[-76.9996,38.9068],[-76.9993,38.9067],[-76.9985,38.9063],[-76.9978,38.906],[-76.9971,38.9057],[-76.9965,38.9054],[-76.9962,38.9053],[-76.9952,38.9049],[-76.9949,38.9048],[-76.9946,38.9046],[-76.9939,38.9043],[-76.9932,38.904],[-76.9927,38.9038],[-76.9915,38.9033],[-76.9903,38.9028],[-76.9897,38.9025],[-76.9891,38.9023],[-76.9887,38.9021],[-76.9883,38.9019],[-76.9878,38.9017],[-76.9873,38.9015],[-76.9867,38.9013],[-76.9859,38.9009],[-76.9857,38.9008],[-76.9855,38.9008],[-76.9852,38.9007],[-76.9847,38.9005],[-76.9844,38.9003],[-76.9842,38.9002],[-76.984,38.9002],[-76.9837,38.9002],[-76.9834,38.9001],[-76.9831,38.9001],[-76.9826,38.9],[-76.9822,38.8999],[-76.9818,38.8999],[-76.9811,38.8997],[-76.9804,38.8996],[-76.9793,38.8994],[-76.9784,38.8992],[-76.9776,38.8991],[-76.9765,38.8989],[-76.9756,38.8988],[-76.9746,38.8986],[-76.9734,38.8984],[-76.9724,38.8982],[-76.9714,38.898],[-76.9708,38.8979],[-76.9704,38.8978],[-76.9695,38.8977],[-76.9691,38.8977],[-76.969,38.8976],[-76.9689,38.8976],[-76.9679,38.8976],[-76.9678,38.8975],[-76.9676,38.8975],[-76.9674,38.8975],[-76.9669,38.8975],[-76.9666,38.8975],[-76.9667,38.8971],[-76.9667,38.897],[-76.9668,38.8969],[-76.9669,38.8968],[-76.967,38.8967],[-76.9672,38.8966],[-76.9673,38.8966],[-76.9674,38.8965],[-76.9674,38.8964],[-76.9676,38.8963],[-76.9677,38.8961],[-76.9678,38.896],[-76.9679,38.8958],[-76.968,38.8957],[-76.9681,38.8956],[-76.9682,38.8954],[-76.9683,38.8953],[-76.9684,38.8951],[-76.9685,38.895],[-76.9687,38.8948],[-76.9688,38.8947],[-76.9689,38.8945],[-76.9689,38.8944],[-76.969,38.8943],[-76.969,38.8942],[-76.9691,38.8941],[-76.9691,38.894],[-76.9692,38.8939],[-76.9692,38.8938],[-76.9693,38.8936],[-76.9693,38.8935],[-76.9693,38.8934],[-76.9694,38.8932],[-76.9694,38.8931],[-76.9695,38.8931],[-76.9696,38.8928],[-76.9695,38.8928],[-76.9695,38.8927],[-76.9695,38.8926],[-76.9696,38.8924],[-76.9695,38.8923],[-76.9695,38.8922],[-76.9694,38.8921],[-76.9694,38.8919],[-76.9693,38.8918],[-76.9693,38.8917],[-76.9692,38.8916],[-76.9691,38.8914],[-76.9691,38.8913],[-76.969,38.8913],[-76.969,38.8912],[-76.969,38.8911],[-76.9689,38.891],[-76.9688,38.891],[-76.9688,38.8909],[-76.9687,38.8908],[-76.9686,38.8907],[-76.9685,38.8906],[-76.9684,38.8905],[-76.9683,38.8904],[-76.9683,38.8903],[-76.9682,38.8902],[-76.9681,38.8901],[-76.968,38.8901],[-76.9679,38.89],[-76.9678,38.8899],[-76.9677,38.8897],[-76.9738,38.8898],[-76.9767,38.8898],[-76.9767,38.892],[-76.9773,38.892],[-76.9837,38.892],[-76.9863,38.892],[-76.9875,38.892],[-76.9881,38.892],[-76.9886,38.892],[-76.9891,38.892],[-76.9893,38.892],[-76.9894,38.892],[-76.9901,38.892],[-76.9903,38.892],[-76.9913,38.892],[-76.9916,38.892],[-76.9921,38.892],[-76.9927,38.892],[-76.9929,38.892],[-76.9931,38.892],[-76.9935,38.892],[-76.9938,38.892],[-76.9947,38.892],[-76.9948,38.892],[-76.995,38.892],[-76.9957,38.892],[-76.9962,38.892],[-76.9984,38.892],[-76.9995,38.892],[-77.0006,38.892],[-77.0018,38.892],[-77.0019,38.892],[-77.0021,38.892],[-77.0022,38.892],[-77.003,38.892],[-77.0031,38.892],[-77.0035,38.892],[-77.0035,38.8921],[-77.0035,38.8935],[-77.0035,38.8938],[-77.0035,38.8943],[-77.0035,38.8948],[-77.0035,38.8952],[-77.0037,38.8953],[-77.0045,38.8956],[-77.0049,38.8958],[-77.0053,38.8959],[-77.0056,38.896],[-77.0058,38.896],[-77.006,38.896],[-77.0064,38.8959],[-77.0068,38.8959],[-77.0071,38.896],[-77.0074,38.8962],[-77.0076,38.8965],[-77.0077,38.8967],[-77.0078,38.8969],[-77.0079,38.897],[-77.0082,38.8971],[-77.0086,38.8973],[-77.009,38.8975],[-77.0091,38.8975],[-77.0091,38.8989],[-77.0091,38.9002],[-77.0091,38.9025],[-77.0091,38.9037],[-77.0091,38.9057]]]]}},{"type":"Feature","properties":{"i":22},"geometry":{"type":"MultiPolygon","coordinates":[[[[-77.0365,38.9192],[-77.0385,38.9185],[-77.0389,38.9184],[-77.0402,38.9181],[-77.0402,38.918],[-77.0409,38.9172],[-77.0417,38.9168],[-77.0433,38.9159],[-77.044,38.9156],[-77.0449,38.9151],[-77.0462,38.9144],[-77.0463,38.9143],[-77.0466,38.914],[-77.0469,38.9138],[-77.0475,38.9127],[-77.0476,38.9125],[-77.0485,38.9118],[-77.0487,38.9115],[-77.05,38.9119],[-77.0503,38.912],[-77.0503,38.9119],[-77.0505,38.9119],[-77.0506,38.9119],[-77.0506,38.9118],[-77.0507,38.9114],[-77.0507,38.9112],[-77.0508,38.9111],[-77.051,38.9109],[-77.0512,38.9108],[-77.0514,38.911],[-77.0516,38.9111],[-77.0517,38.9113],[-77.0518,38.9114],[-77.0521,38.9116],[-77.0522,38.9117],[-77.0523,38.9117],[-77.0524,38.9118],[-77.0525,38.9119],[-77.0526,38.912],[-77.0527,38.912],[-77.0529,38.9121],[-77.0532,38.9122],[-77.0535,38.9123],[-77.0542,38.9125],[-77.0547,38.9127],[-77.0551,38.9129],[-77.0554,38.9131],[-77.0556,38.9134],[-77.056,38.9136],[-77.0565,38.9139],[-77.0581,38.9151],[-77.0585,38.9153],[-77.0586,38.9154],[-77.0588,38.9155],[-77.0588,38.9156],[-77.0589,38.9159],[-77.0589,38.9161],[-77.0588,38.9165],[-77.0588,38.9168],[-77.0587,38.9171],[-77.0585,38.9174],[-77.0584,38.9176],[-77.0583,38.9177],[-77.0581,38.9179],[-77.0578,38.918],[-77.0576,38.9182],[-77.0573,38.9184],[-77.057,38.9185],[-77.0565,38.9185],[-77.056,38.9187],[-77.0554,38.9189],[-77.0551,38.9193],[-77.0549,38.9197],[-77.0547,38.9198],[-77.0544,38.92],[-77.0541,38.92],[-77.0536,38.9201],[-77.0533,38.9201],[-77.0529,38.92],[-77.0525,38.9198],[-77.052,38.9196],[-77.0516,38.9197],[-77.0511,38.9198],[-77.0508,38.9202],[-77.0507,38.9207],[-77.0504,38.9209],[-77.0502,38.9212],[-77.0498,38.9217],[-77.0494,38.9219],[-77.049,38.9221],[-77.0487,38.9225],[-77.0485,38.9229],[-77.0485,38.9233],[-77.0486,38.9239],[-77.0485,38.9242],[-77.0481,38.9245],[-77.0476,38.925],[-77.0472,38.9253],[-77.0471,38.9254],[-77.0466,38.9256],[-77.0464,38.9256],[-77.0459,38.9259],[-77.0454,38.9261],[-77.0451,38.9263],[-77.0449,38.9264],[-77.0447,38.9266],[-77.0445,38.9267],[-77.0444,38.9268],[-77.0441,38.927],[-77.0439,38.9273],[-77.0438,38.9274],[-77.0437,38.9276],[-77.0436,38.9277],[-77.0436,38.9279],[-77.0435,38.928],[-77.0433,38.9279],[-77.0431,38.9279],[-77.043,38.9278],[-77.0429,38.9278],[-77.0428,38.9277],[-77.0427,38.9276],[-77.0424,38.9275],[-77.0421,38.9273],[-77.0419,38.9272],[-77.0417,38.9272],[-77.0414,38.9272],[-77.0412,38.9272],[-77.041,38.9272],[-77.0407,38.9272],[-77.0405,38.9272],[-77.0404,38.9272],[-77.0402,38.9272],[-77.04,38.9272],[-77.0396,38.9272],[-77.0392,38.9272],[-77.0388,38.9272],[-77.0385,38.9272],[-77.0381,38.9271],[-77.0379,38.9271],[-77.0377,38.927],[-77.0376,38.927],[-77.0374,38.9268],[-77.0371,38.9265],[-77.0369,38.9262],[-77.0366,38.926],[-77.0365,38.9259],[-77.0365,38.9227],[-77.0365,38.9192]]]]}},{"type":"Feature","properties":{"i":14},"geometry":{"type":"MultiPolygon","coordinates":[[[[-77.0149,38.9057],[-77.0154,38.9072],[-77.0158,38.9082],[-77.016,38.9088],[-77.0163,38.9096],[-77.0166,38.9105],[-77.0167,38.9108],[-77.0169,38.9112],[-77.017,38.9115],[-77.0171,38.9119],[-77.0172,38.9122],[-77.0174,38.9126],[-77.0174,38.9127],[-77.0175,38.913],[-77.0178,38.9137],[-77.0179,38.9141],[-77.0176,38.9141],[-77.0167,38.9141],[-77.0165,38.9142],[-77.0156,38.9145],[-77.0149,38.9148],[-77.0143,38.915],[-77.0143,38.9152],[-77.0143,38.9156],[-77.0144,38.9163],[-77.0145,38.917],[-77.0146,38.9176],[-77.0146,38.9181],[-77.0148,38.9192],[-77.0148,38.9197],[-77.0148,38.9199],[-77.0149,38.9202],[-77.0149,38.9207],[-77.0148,38.9207],[-77.0143,38.9208],[-77.0141,38.9208],[-77.0139,38.9209],[-77.0136,38.921],[-77.0133,38.9211],[-77.013,38.9212],[-77.0127,38.9213],[-77.0122,38.9213],[-77.0121,38.9224],[-77.0121,38.9234],[-77.0121,38.9239],[-77.0121,38.925],[-77.0121,38.9263],[-77.0124,38.9263],[-77.0128,38.9263],[-77.0132,38.9263],[-77.0136,38.9263],[-77.0139,38.9263],[-77.0142,38.9263],[-77.0144,38.9263],[-77.0147,38.9264],[-77.015,38.9265],[-77.0153,38.9267],[-77.0156,38.9269],[-77.0158,38.927],[-77.0161,38.9272],[-77.0163,38.9273],[-77.0165,38.9274],[-77.0168,38.9275],[-77.0169,38.9277],[-77.0171,38.9278],[-77.0172,38.928],[-77.0174,38.9282],[-77.0176,38.9283],[-77.0178,38.9284],[-77.018,38.9285],[-77.0179,38.9285],[-77.0178,38.9287],[-77.0176,38.9289],[-77.0175,38.9291],[-77.0173,38.9293],[-77.0172,38.9295],[-77.017,38.9297],[-77.0168,38.9299],[-77.0167,38.9301],[-77.0166,38.9302],[-77.0164,38.9305],[-77.0162,38.9306],[-77.016,38.9308],[-77.0158,38.9309],[-77.0157,38.931],[-77.0154,38.931],[-77.0153,38.9312],[-77.0157,38.9311],[-77.0162,38.9309],[-77.0163,38.9309],[-77.0165,38.9309],[-77.0168,38.9308],[-77.0177,38.9307],[-77.0181,38.9306],[-77.0183,38.9306],[-77.0184,38.9308],[-77.0184,38.9311],[-77.0185,38.9316],[-77.0186,38.9318],[-77.0186,38.932],[-77.0187,38.9321],[-77.0187,38.9323],[-77.0188,38.9326],[-77.0188,38.9327],[-77.0188,38.9329],[-77.0189,38.933],[-77.019,38.9333],[-77.019,38.9335],[-77.0191,38.9337],[-77.0191,38.9339],[-77.0192,38.9341],[-77.0192,38.9342],[-77.0192,38.9346],[-77.0192,38.9348],[-77.0192,38.9351],[-77.0192,38.9353],[-77.0192,38.9356],[-77.0192,38.9358],[-77.0192,38.9359],[-77.0192,38.9361],[-77.0192,38.9362],[-77.0192,38.9366],[-77.0192,38.9367],[-77.0192,38.9368],[-77.0192,38.937],[-77.0192,38.9371],[-77.0191,38.9373],[-77.019,38.9374],[-77.0182,38.9376],[-77.0177,38.9378],[-77.0173,38.9379],[-77.0169,38.9383],[-77.0165,38.9387],[-77.0152,38.9398],[-77.0151,38.94],[-77.0149,38.9404],[-77.0144,38.9411],[-77.014,38.9415],[-77.0135,38.942],[-77.0133,38.9422],[-77.013,38.9424],[-77.0127,38.9428],[-77.0124,38.9433],[-77.0122,38.9437],[-77.0119,38.944],[-77.0117,38.9442],[-77.0116,38.9444],[-77.0116,38.9443],[-77.0114,38.9444],[-77.0112,38.9445],[-77.0111,38.9445],[-77.0109,38.9446],[-77.0108,38.9445],[-77.0106,38.9442],[-77.0104,38.9441],[-77.0102,38.9439],[-77.01,38.9436],[-77.0099,38.9435],[-77.0097,38.9433],[-77.0095,38.9432],[-77.0092,38.943],[-77.009,38.9428],[-77.0087,38.9427],[-77.0085,38.9426],[-77.0083,38.9425],[-77.0081,38.9424],[-77.008,38.9424],[-77.0081,38.9422],[-77.0082,38.9421],[-77.0082,38.9419],[-77.0083,38.9418],[-77.0083,38.9416],[-77.0084,38.9414],[-77.0084,38.9412],[-77.0084,38.9411],[-77.0084,38.9409],[-77.0083,38.9407],[-77.0083,38.9405],[-77.0082,38.9402],[-77.008,38.9399],[-77.0078,38.9397],[-77.0077,38.9394],[-77.0075,38.939],[-77.0073,38.9386],[-77.0071,38.9383],[-77.0069,38.938],[-77.0068,38.9377],[-77.0067,38.9375],[-77.0066,38.9373],[-77.0065,38.937],[-77.0064,38.9368],[-77.0064,38.9366],[-77.0062,38.9366],[-77.0059,38.9367],[-77.0056,38.9367],[-77.0054,38.9367],[-77.0052,38.9367],[-77.0049,38.9368],[-77.0047,38.9368],[-77.0044,38.9368],[-77.0042,38.9368],[-77.0039,38.9368],[-77.0036,38.9367],[-77.0034,38.9366],[-77.0032,38.9366],[-77.003,38.9364],[-77.0028,38.9363],[-77.0027,38.9362],[-77.0025,38.9362],[-77.0023,38.9361],[-77.0021,38.9362],[-77.0015,38.9328],[-77.0013,38.9318],[-77.0013,38.9316],[-77.0012,38.9315],[-77.001,38.9312],[-77.0006,38.9314],[-77.0,38.9316],[-76.9991,38.932],[-76.9982,38.9323],[-76.998,38.9324],[-76.9973,38.9324],[-76.9969,38.9324],[-76.9962,38.9324],[-76.995,38.9324],[-76.9941,38.9324],[-76.9937,38.9324],[-76.9937,38.932],[-76.9936,38.9316],[-76.9936,38.9314],[-76.9936,38.9309],[-76.9935,38.9304],[-76.9937,38.9298],[-76.9937,38.9296],[-76.9937,38.9294],[-76.9937,38.9291],[-76.9938,38.9288],[-76.9937,38.9284],[-76.9937,38.9282],[-76.9937,38.9278],[-76.9937,38.9275],[-76.9937,38.9271],[-76.9937,38.9268],[-76.9937,38.9266],[-76.9938,38.9255],[-76.9938,38.9252],[-76.9938,38.9249],[-76.9937,38.9245],[-76.9938,38.9242],[-76.9938,38.9239],[-76.9939,38.9237],[-76.9938,38.9234],[-76.9938,38.9231],[-76.9938,38.9228],[-76.9938,38.9227],[-76.9939,38.9225],[-76.9939,38.9223],[-76.9939,38.9221],[-76.9939,38.922],[-76.9942,38.9219],[-76.9949,38.9217],[-76.9954,38.9214],[-76.9959,38.9211],[-76.9962,38.9209],[-76.9964,38.9207],[-76.9965,38.9205],[-76.9964,38.9202],[-76.9962,38.9201],[-76.996,38.9199],[-76.9958,38.9197],[-76.9956,38.9195],[-76.9953,38.9194],[-76.9949,38.9194],[-76.9946,38.9194],[-76.994,38.9194],[-76.9937,38.9193],[-76.9935,38.9191],[-76.9934,38.9187],[-76.9934,38.9184],[-76.9934,38.918],[-76.9935,38.9177],[-76.9935,38.9175],[-76.9938,38.9172],[-76.9941,38.917],[-76.9943,38.9167],[-76.9946,38.9163],[-76.9948,38.916],[-76.9949,38.9159],[-76.9951,38.9156],[-76.9949,38.9155],[-76.9947,38.9156],[-76.9944,38.9156],[-76.9939,38.9156],[-76.9937,38.9156],[-76.9936,38.9153],[-76.9934,38.9149],[-76.9932,38.9145],[-76.9929,38.914],[-76.9924,38.9131],[-76.9928,38.913],[-76.9942,38.9125],[-76.9952,38.9122],[-76.9963,38.9118],[-76.9977,38.9112],[-76.9983,38.911],[-76.9994,38.9107],[-77.0005,38.9103],[-77.0017,38.9099],[-77.0026,38.9096],[-77.0046,38.9089],[-77.0064,38.9083],[-77.014,38.9057],[-77.0149,38.9057]]]]}},{"type":"Feature","properties":{"i":7},"geometry":{"type":"MultiPolygon","coordinates":[[[[-77.0481,38.9332],[-77.0482,38.9332],[-77.0482,38.9333],[-77.0482,38.9334],[-77.0482,38.9335],[-77.0481,38.9335],[-77.0481,38.9336],[-77.048,38.9336],[-77.048,38.9337],[-77.048,38.9338],[-77.0479,38.9338],[-77.0479,38.9339],[-77.0479,38.934],[-77.0478,38.934],[-77.0478,38.9341],[-77.0478,38.9342],[-77.0478,38.9343],[-77.0478,38.9344],[-77.0477,38.9344],[-77.0477,38.9345],[-77.0476,38.9346],[-77.0475,38.9346],[-77.0474,38.9347],[-77.0472,38.9348],[-77.0471,38.9348],[-77.047,38.9348],[-77.0469,38.9349],[-77.0468,38.9349],[-77.0467,38.9349],[-77.0466,38.9349],[-77.0465,38.935],[-77.0465,38.9349],[-77.0464,38.9349],[-77.0463,38.9349],[-77.0462,38.9349],[-77.0462,38.9351],[-77.0465,38.9355],[-77.0463,38.9355],[-77.046,38.9356],[-77.0458,38.9357],[-77.0454,38.9359],[-77.0451,38.936],[-77.0447,38.936],[-77.0443,38.936],[-77.0438,38.936],[-77.0434,38.936],[-77.0431,38.936],[-77.0428,38.9361],[-77.0425,38.9361],[-77.0422,38.9361],[-77.042,38.9362],[-77.0417,38.9361],[-77.0415,38.9362],[-77.0412,38.9362],[-77.0409,38.9363],[-77.0407,38.9364],[-77.0405,38.9365],[-77.0402,38.9367],[-77.0399,38.9368],[-77.0395,38.9369],[-77.0392,38.937],[-77.0389,38.9371],[-77.0386,38.9372],[-77.0383,38.9374],[-77.0381,38.9375],[-77.0379,38.9377],[-77.0376,38.9378],[-77.0374,38.9379],[-77.037,38.938],[-77.0367,38.9382],[-77.0364,38.9383],[-77.0364,38.9375],[-77.0364,38.9374],[-77.0361,38.9374],[-77.0357,38.9374],[-77.0352,38.9374],[-77.035,38.9374],[-77.0345,38.9374],[-77.0342,38.9374],[-77.0339,38.9374],[-77.0337,38.9374],[-77.0332,38.9372],[-77.0327,38.9371],[-77.0324,38.937],[-77.032,38.9369],[-77.0316,38.9368],[-77.0312,38.9367],[-77.0309,38.9366],[-77.0303,38.9365],[-77.03,38.9364],[-77.0299,38.9363],[-77.0297,38.9363],[-77.0295,38.9362],[-77.0292,38.9362],[-77.0289,38.9361],[-77.0286,38.936],[-77.0283,38.9359],[-77.028,38.9359],[-77.0278,38.9358],[-77.0275,38.9357],[-77.0272,38.9356],[-77.0269,38.9355],[-77.0267,38.9355],[-77.0264,38.9354],[-77.026,38.9353],[-77.0258,38.9352],[-77.0255,38.9351],[-77.0254,38.9351],[-77.0252,38.9351],[-77.0251,38.9353],[-77.0249,38.9355],[-77.0248,38.9356],[-77.0246,38.9359],[-77.0245,38.936],[-77.0243,38.9363],[-77.024,38.9364],[-77.0237,38.9365],[-77.0234,38.9366],[-77.0231,38.9366],[-77.0226,38.9367],[-77.0222,38.9368],[-77.022,38.9369],[-77.0214,38.937],[-77.0208,38.9371],[-77.0204,38.9372],[-77.02,38.9372],[-77.0196,38.9373],[-77.019,38.9374],[-77.0191,38.9373],[-77.0192,38.9371],[-77.0192,38.937],[-77.0192,38.9368],[-77.0192,38.9367],[-77.0192,38.9366],[-77.0192,38.9362],[-77.0192,38.9361],[-77.0192,38.9359],[-77.0192,38.9358],[-77.0192,38.9356],[-77.0192,38.9353],[-77.0192,38.9351],[-77.0192,38.9348],[-77.0192,38.9346],[-77.0192,38.9342],[-77.0192,38.9341],[-77.0191,38.9339],[-77.0191,38.9337],[-77.019,38.9335],[-77.019,38.9333],[-77.0189,38.933],[-77.0188,38.9329],[-77.0188,38.9327],[-77.0188,38.9326],[-77.0187,38.9323],[-77.0187,38.9321],[-77.0186,38.932],[-77.0186,38.9318],[-77.0185,38.9316],[-77.0184,38.9311],[-77.0184,38.9308],[-77.0183,38.9306],[-77.0181,38.9306],[-77.0177,38.9307],[-77.0168,38.9308],[-77.0165,38.9309],[-77.0163,38.9309],[-77.0162,38.9309],[-77.0157,38.9311],[-77.0153,38.9312],[-77.0154,38.931],[-77.0157,38.931],[-77.0158,38.9309],[-77.016,38.9308],[-77.0162,38.9306],[-77.0164,38.9305],[-77.0166,38.9302],[-77.0167,38.9301],[-77.0168,38.9299],[-77.017,38.9297],[-77.0172,38.9295],[-77.0173,38.9293],[-77.0175,38.9291],[-77.0176,38.9289],[-77.0178,38.9287],[-77.0179,38.9285],[-77.018,38.9285],[-77.0181,38.9283],[-77.0183,38.9282],[-77.0185,38.9281],[-77.0186,38.9281],[-77.019,38.928],[-77.0193,38.9279],[-77.0195,38.9279],[-77.0199,38.9279],[-77.0201,38.9279],[-77.0201,38.9277],[-77.0201,38.9275],[-77.0201,38.9273],[-77.02,38.9271],[-77.0204,38.927],[-77.0212,38.9269],[-77.0218,38.9269],[-77.0225,38.9268],[-77.0229,38.9268],[-77.0228,38.9258],[-77.0226,38.9248],[-77.0225,38.9237],[-77.0223,38.9223],[-77.0221,38.921],[-77.0231,38.9209],[-77.0238,38.9208],[-77.0242,38.9208],[-77.025,38.9207],[-77.0253,38.9207],[-77.0257,38.9206],[-77.0259,38.9206],[-77.026,38.9205],[-77.0263,38.9207],[-77.0267,38.9208],[-77.027,38.9208],[-77.0281,38.9207],[-77.0289,38.9207],[-77.0297,38.9205],[-77.0313,38.9202],[-77.0319,38.9201],[-77.0324,38.92],[-77.0336,38.9197],[-77.034,38.9196],[-77.0341,38.9195],[-77.0343,38.9193],[-77.0346,38.9192],[-77.0347,38.9192],[-77.0364,38.9192],[-77.0365,38.9192],[-77.0365,38.9227],[-77.0365,38.9259],[-77.0366,38.926],[-77.0369,38.9262],[-77.0371,38.9265],[-77.0374,38.9268],[-77.0376,38.927],[-77.0377,38.927],[-77.0379,38.9271],[-77.0381,38.9271],[-77.0385,38.9272],[-77.0388,38.9272],[-77.0392,38.9272],[-77.0396,38.9272],[-77.04,38.9272],[-77.0402,38.9272],[-77.0404,38.9272],[-77.0405,38.9272],[-77.0407,38.9272],[-77.041,38.9272],[-77.0412,38.9272],[-77.0414,38.9272],[-77.0417,38.9272],[-77.0419,38.9272],[-77.0421,38.9273],[-77.0424,38.9275],[-77.0427,38.9276],[-77.0428,38.9277],[-77.0429,38.9278],[-77.043,38.9278],[-77.0431,38.9279],[-77.0433,38.9279],[-77.0435,38.928],[-77.0435,38.9281],[-77.0435,38.9282],[-77.0436,38.9283],[-77.0436,38.9284],[-77.0436,38.9286],[-77.0437,38.9288],[-77.0437,38.9289],[-77.0438,38.929],[-77.0439,38.9291],[-77.0439,38.9292],[-77.044,38.9293],[-77.0441,38.9294],[-77.0442,38.9295],[-77.0443,38.9296],[-77.0443,38.9298],[-77.0443,38.9299],[-77.0444,38.93],[-77.0448,38.9304],[-77.0452,38.9309],[-77.0455,38.9312],[-77.0456,38.9314],[-77.046,38.9318],[-77.0466,38.9325],[-77.0467,38.9326],[-77.0468,38.9326],[-77.0481,38.9332]]]]}},{"type":"Feature","properties":{"i":1},"geometry":{"type":"MultiPolygon","coordinates":[[[[-76.9965,38.9205],[-76.9964,38.9207],[-76.9962,38.9209],[-76.996,38.921],[-76.9959,38.9211],[-76.9954,38.9214],[-76.9949,38.9217],[-76.9942,38.9219],[-76.9939,38.922],[-76.9939,38.9221],[-76.9939,38.9222],[-76.9939,38.9223],[-76.9939,38.9224],[-76.9939,38.9225],[-76.9938,38.9226],[-76.9938,38.9227],[-76.9938,38.9228],[-76.9938,38.9231],[-76.9938,38.9234],[-76.9939,38.9237],[-76.9938,38.9239],[-76.9938,38.9242],[-76.9937,38.9245],[-76.9938,38.9249],[-76.9938,38.9252],[-76.9938,38.9255],[-76.9937,38.9266],[-76.9937,38.9268],[-76.9937,38.9271],[-76.9937,38.9275],[-76.9937,38.9278],[-76.9937,38.9282],[-76.9937,38.9283],[-76.9937,38.9284],[-76.9937,38.9286],[-76.9938,38.9288],[-76.9937,38.9291],[-76.9937,38.9294],[-76.9937,38.9296],[-76.9937,38.9298],[-76.9935,38.9304],[-76.9936,38.9309],[-76.9936,38.9314],[-76.9936,38.9316],[-76.9937,38.932],[-76.9937,38.9324],[-76.9937,38.9327],[-76.9938,38.9332],[-76.9939,38.9336],[-76.994,38.9338],[-76.9939,38.9339],[-76.9939,38.9341],[-76.9935,38.9342],[-76.9933,38.9343],[-76.9931,38.9344],[-76.9928,38.9344],[-76.9917,38.9345],[-76.9912,38.9345],[-76.9899,38.9346],[-76.9888,38.9346],[-76.9865,38.9348],[-76.9863,38.9362],[-76.9862,38.9372],[-76.9861,38.9376],[-76.9861,38.9382],[-76.986,38.9389],[-76.9859,38.9394],[-76.9859,38.9397],[-76.9858,38.9403],[-76.9857,38.9407],[-76.9841,38.9407],[-76.9814,38.9407],[-76.9808,38.9401],[-76.9801,38.9395],[-76.9793,38.9387],[-76.9789,38.9383],[-76.9783,38.9377],[-76.9777,38.9372],[-76.9773,38.9368],[-76.9768,38.9363],[-76.9762,38.9358],[-76.9757,38.9353],[-76.9755,38.9351],[-76.9745,38.9341],[-76.9742,38.9338],[-76.9734,38.9331],[-76.9729,38.9326],[-76.9724,38.9321],[-76.9722,38.9319],[-76.9715,38.9313],[-76.9708,38.9306],[-76.97,38.9298],[-76.9693,38.9291],[-76.9688,38.9286],[-76.9673,38.9272],[-76.9662,38.9262],[-76.9655,38.9255],[-76.9653,38.9253],[-76.9652,38.9252],[-76.9656,38.9248],[-76.9661,38.9245],[-76.9665,38.9241],[-76.967,38.9236],[-76.9673,38.9234],[-76.9677,38.923],[-76.968,38.9228],[-76.9683,38.9224],[-76.9687,38.9219],[-76.969,38.9216],[-76.9697,38.9207],[-76.9701,38.9202],[-76.9703,38.9201],[-76.9708,38.9194],[-76.9715,38.9185],[-76.9723,38.9176],[-76.9724,38.9174],[-76.9725,38.9173],[-76.9732,38.9173],[-76.9744,38.9173],[-76.9759,38.9173],[-76.9772,38.9173],[-76.9782,38.9172],[-76.9796,38.9172],[-76.9803,38.9172],[-76.9807,38.9171],[-76.981,38.9171],[-76.9817,38.9169],[-76.9828,38.9165],[-76.9844,38.9159],[-76.9861,38.9153],[-76.9879,38.9147],[-76.9891,38.9142],[-76.9908,38.9137],[-76.9919,38.9133],[-76.9924,38.9131],[-76.9929,38.914],[-76.9932,38.9145],[-76.9933,38.9148],[-76.9934,38.9149],[-76.9936,38.9153],[-76.9937,38.9156],[-76.9939,38.9156],[-76.9942,38.9156],[-76.9944,38.9156],[-76.9947,38.9156],[-76.9949,38.9155],[-76.995,38.9155],[-76.9951,38.9156],[-76.9949,38.9159],[-76.9948,38.916],[-76.9946,38.9163],[-76.9943,38.9167],[-76.9941,38.917],[-76.9938,38.9172],[-76.9935,38.9175],[-76.9935,38.9177],[-76.9934,38.918],[-76.9934,38.9184],[-76.9934,38.9187],[-76.9935,38.9191],[-76.9936,38.9192],[-76.9937,38.9193],[-76.994,38.9194],[-76.9946,38.9194],[-76.9949,38.9194],[-76.9953,38.9194],[-76.9956,38.9195],[-76.9957,38.9196],[-76.9958,38.9197],[-76.996,38.9199],[-76.9962,38.9201],[-76.9963,38.9202],[-76.9964,38.9202],[-76.9964,38.9204],[-76.9965,38.9205]]]]}},{"type":"Feature","properties":{"i":38},"geometry":{"type":"MultiPolygon","coordinates":[[[[-76.9597,38.9169],[-76.9603,38.9169],[-76.9611,38.9169],[-76.9621,38.917],[-76.9632,38.917],[-76.9644,38.9171],[-76.9654,38.9172],[-76.9665,38.9173],[-76.9674,38.9173],[-76.9685,38.9173],[-76.9686,38.9174],[-76.9697,38.9174],[-76.9701,38.9174],[-76.9708,38.9174],[-76.9717,38.9174],[-76.9721,38.9174],[-76.9724,38.9174],[-76.9723,38.9176],[-76.9715,38.9185],[-76.9708,38.9194],[-76.9703,38.9201],[-76.9701,38.9202],[-76.9697,38.9207],[-76.969,38.9216],[-76.9687,38.9219],[-76.9683,38.9224],[-76.968,38.9228],[-76.9677,38.923],[-76.9673,38.9234],[-76.967,38.9236],[-76.9665,38.9241],[-76.9661,38.9245],[-76.9656,38.9248],[-76.9652,38.9252],[-76.9653,38.9253],[-76.9655,38.9255],[-76.9662,38.9262],[-76.9673,38.9272],[-76.9688,38.9286],[-76.9693,38.9291],[-76.97,38.9298],[-76.9708,38.9306],[-76.9715,38.9313],[-76.9722,38.9319],[-76.9724,38.9321],[-76.9729,38.9326],[-76.9734,38.9331],[-76.9742,38.9338],[-76.9745,38.9341],[-76.9755,38.9351],[-76.9757,38.9353],[-76.9762,38.9358],[-76.9768,38.9363],[-76.9773,38.9368],[-76.9777,38.9372],[-76.9783,38.9377],[-76.9789,38.9383],[-76.9793,38.9387],[-76.9801,38.9395],[-76.9808,38.9401],[-76.9814,38.9407],[-76.9802,38.9407],[-76.9787,38.9407],[-76.9781,38.9407],[-76.9773,38.9407],[-76.9762,38.9407],[-76.9742,38.9407],[-76.9726,38.9407],[-76.9702,38.9407],[-76.9696,38.9402],[-76.9681,38.9391],[-76.9667,38.938],[-76.9667,38.9379],[-76.9657,38.9372],[-76.9648,38.9365],[-76.9633,38.9353],[-76.963,38.9351],[-76.9612,38.9337],[-76.9593,38.9322],[-76.9587,38.9317],[-76.9576,38.9308],[-76.9422,38.9188],[-76.9423,38.9188],[-76.9424,38.9188],[-76.9424,38.9187],[-76.9425,38.9187],[-76.9425,38.9186],[-76.9426,38.9186],[-76.9426,38.9185],[-76.9427,38.9185],[-76.9427,38.9184],[-76.9428,38.9184],[-76.9428,38.9183],[-76.9429,38.9183],[-76.9429,38.9182],[-76.943,38.9182],[-76.9431,38.9181],[-76.9433,38.9181],[-76.9439,38.9181],[-76.9446,38.9182],[-76.9453,38.9183],[-76.9466,38.9185],[-76.9479,38.9187],[-76.9482,38.9188],[-76.9487,38.9188],[-76.9491,38.9187],[-76.9495,38.9186],[-76.9499,38.9184],[-76.9502,38.9182],[-76.9505,38.9179],[-76.9508,38.9175],[-76.9511,38.9172],[-76.9515,38.9168],[-76.9519,38.9167],[-76.9522,38.9166],[-76.9531,38.9166],[-76.954,38.9166],[-76.955,38.9166],[-76.9561,38.9166],[-76.9568,38.9167],[-76.9574,38.9167],[-76.9577,38.9167],[-76.958,38.9168],[-76.9584,38.9169],[-76.9591,38.9169],[-76.9597,38.9169]]]]}},{"type":"Feature","properties":{"i":4},"geometry":{"type":"MultiPolygon","coordinates":[[[[-77.0765,38.9422],[-77.0764,38.942],[-77.0762,38.9417],[-77.0761,38.9414],[-77.076,38.9412],[-77.0758,38.9409],[-77.0756,38.9406],[-77.0753,38.9401],[-77.0752,38.9398],[-77.075,38.9396],[-77.0747,38.939],[-77.0745,38.9385],[-77.0743,38.9381],[-77.0739,38.9374],[-77.0738,38.9373],[-77.0737,38.937],[-77.0736,38.9369],[-77.0735,38.9367],[-77.0734,38.9365],[-77.0733,38.9364],[-77.0732,38.9362],[-77.0731,38.936],[-77.073,38.9357],[-77.0729,38.9355],[-77.0728,38.9353],[-77.0726,38.9349],[-77.0725,38.9346],[-77.0724,38.9344],[-77.0724,38.9341],[-77.0724,38.9337],[-77.0724,38.9335],[-77.0724,38.9333],[-77.0725,38.933],[-77.0725,38.9326],[-77.0726,38.9325],[-77.0726,38.9323],[-77.0726,38.932],[-77.0727,38.9318],[-77.0727,38.9316],[-77.0727,38.9313],[-77.0728,38.931],[-77.0728,38.9307],[-77.0729,38.9303],[-77.073,38.9299],[-77.073,38.9297],[-77.0731,38.9293],[-77.0731,38.9291],[-77.0731,38.9289],[-77.0731,38.9288],[-77.0732,38.9286],[-77.073,38.9285],[-77.0728,38.9284],[-77.0727,38.9283],[-77.0725,38.9282],[-77.0724,38.9281],[-77.0723,38.9279],[-77.0721,38.9278],[-77.0718,38.9276],[-77.0717,38.9275],[-77.0715,38.9274],[-77.0712,38.9272],[-77.0709,38.927],[-77.0706,38.9268],[-77.0704,38.9266],[-77.0701,38.9264],[-77.0699,38.9263],[-77.0697,38.9261],[-77.0695,38.9259],[-77.0692,38.9257],[-77.069,38.9255],[-77.0687,38.9253],[-77.0683,38.9251],[-77.068,38.9248],[-77.0678,38.9247],[-77.0676,38.9246],[-77.0674,38.9245],[-77.0672,38.9244],[-77.0675,38.9244],[-77.0679,38.9243],[-77.0685,38.9241],[-77.0689,38.924],[-77.0693,38.9238],[-77.0696,38.9236],[-77.0698,38.9233],[-77.0701,38.9231],[-77.0703,38.9228],[-77.0704,38.9226],[-77.0704,38.9223],[-77.0704,38.922],[-77.0704,38.9217],[-77.0704,38.9214],[-77.0704,38.9211],[-77.0703,38.9209],[-77.0702,38.9206],[-77.07,38.9203],[-77.0698,38.9201],[-77.0696,38.9197],[-77.0693,38.9194],[-77.069,38.9192],[-77.0687,38.919],[-77.0683,38.9188],[-77.068,38.9187],[-77.0677,38.9186],[-77.0673,38.9186],[-77.0668,38.9186],[-77.0664,38.9185],[-77.0661,38.9186],[-77.0664,38.9184],[-77.0667,38.9182],[-77.067,38.918],[-77.0672,38.9178],[-77.0674,38.9177],[-77.0676,38.9175],[-77.0678,38.9174],[-77.068,38.9173],[-77.0683,38.9172],[-77.0685,38.9171],[-77.0686,38.917],[-77.0688,38.917],[-77.0691,38.9169],[-77.0693,38.9169],[-77.0696,38.9168],[-77.0699,38.9168],[-77.0703,38.9168],[-77.0708,38.9167],[-77.0711,38.9167],[-77.0714,38.9167],[-77.0718,38.9167],[-77.0721,38.9168],[-77.0724,38.9168],[-77.0727,38.9169],[-77.0729,38.9169],[-77.0734,38.917],[-77.0738,38.9171],[-77.0741,38.9171],[-77.0744,38.9172],[-77.0745,38.9173],[-77.0746,38.9174],[-77.0748,38.9176],[-77.0748,38.9177],[-77.0748,38.9178],[-77.0749,38.9179],[-77.0749,38.918],[-77.0751,38.9181],[-77.0752,38.9182],[-77.0753,38.9183],[-77.0755,38.9184],[-77.0758,38.9184],[-77.0762,38.9185],[-77.0766,38.9185],[-77.077,38.9185],[-77.0773,38.9185],[-77.0776,38.9185],[-77.078,38.9186],[-77.0783,38.9186],[-77.0787,38.9186],[-77.0791,38.9186],[-77.0795,38.9186],[-77.0799,38.9186],[-77.0804,38.9185],[-77.0808,38.9184],[-77.0813,38.9183],[-77.0818,38.9181],[-77.0822,38.9179],[-77.0824,38.9179],[-77.0827,38.9179],[-77.0831,38.9179],[-77.0834,38.9179],[-77.0835,38.918],[-77.0837,38.9181],[-77.0838,38.9181],[-77.084,38.9182],[-77.0841,38.9181],[-77.0842,38.9181],[-77.0842,38.9182],[-77.0843,38.9183],[-77.0843,38.9184],[-77.0843,38.9186],[-77.0844,38.9187],[-77.0845,38.9187],[-77.0846,38.9188],[-77.0847,38.9188],[-77.0848,38.9188],[-77.0847,38.9189],[-77.0847,38.919],[-77.0846,38.919],[-77.0845,38.919],[-77.0845,38.9191],[-77.0846,38.9191],[-77.0846,38.9193],[-77.0846,38.9194],[-77.0845,38.9194],[-77.0843,38.9195],[-77.0842,38.9196],[-77.0841,38.9197],[-77.0841,38.9198],[-77.0841,38.9199],[-77.0842,38.92],[-77.0843,38.9201],[-77.0843,38.9203],[-77.0842,38.9204],[-77.0841,38.9205],[-77.084,38.9206],[-77.084,38.9207],[-77.084,38.9208],[-77.0839,38.9209],[-77.0838,38.921],[-77.0837,38.9211],[-77.0837,38.9212],[-77.0837,38.9213],[-77.0837,38.9214],[-77.0838,38.9215],[-77.0838,38.9217],[-77.0837,38.9218],[-77.0837,38.922],[-77.0837,38.9221],[-77.0836,38.9222],[-77.0836,38.9224],[-77.0836,38.9225],[-77.0836,38.9226],[-77.0835,38.9227],[-77.0835,38.9229],[-77.0835,38.923],[-77.0835,38.9232],[-77.0835,38.9233],[-77.0835,38.9235],[-77.0834,38.9236],[-77.0835,38.9237],[-77.0835,38.9239],[-77.0834,38.924],[-77.0834,38.9241],[-77.0833,38.9242],[-77.0833,38.9243],[-77.0832,38.9244],[-77.0832,38.9245],[-77.0831,38.9247],[-77.0832,38.9248],[-77.0833,38.9249],[-77.0833,38.925],[-77.0832,38.9252],[-77.0833,38.9253],[-77.0833,38.9254],[-77.0833,38.9255],[-77.0832,38.9256],[-77.0833,38.9257],[-77.0833,38.9259],[-77.0832,38.926],[-77.0832,38.9262],[-77.0832,38.9264],[-77.0832,38.9265],[-77.0831,38.9266],[-77.083,38.9267],[-77.083,38.9268],[-77.0829,38.927],[-77.0828,38.9271],[-77.0827,38.9272],[-77.0825,38.9273],[-77.0824,38.9274],[-77.0825,38.9276],[-77.0825,38.9277],[-77.0826,38.9279],[-77.0827,38.928],[-77.0828,38.9282],[-77.0829,38.9284],[-77.0831,38.9287],[-77.0832,38.9289],[-77.0834,38.9293],[-77.0836,38.9296],[-77.0838,38.9299],[-77.084,38.9303],[-77.0842,38.9306],[-77.0843,38.9309],[-77.0845,38.9312],[-77.0846,38.9314],[-77.0848,38.9316],[-77.0849,38.9319],[-77.0851,38.9322],[-77.0852,38.9324],[-77.0854,38.9327],[-77.0856,38.9331],[-77.0858,38.9335],[-77.086,38.9339],[-77.0862,38.9341],[-77.0862,38.9342],[-77.0863,38.9343],[-77.0864,38.9345],[-77.0865,38.9347],[-77.0867,38.9349],[-77.0868,38.9351],[-77.087,38.9353],[-77.0872,38.9355],[-77.0875,38.9357],[-77.0876,38.9357],[-77.0877,38.9358],[-77.0876,38.9359],[-77.0873,38.9363],[-77.0871,38.9365],[-77.087,38.9367],[-77.0868,38.9369],[-77.0865,38.9372],[-77.0864,38.9374],[-77.0862,38.9376],[-77.0859,38.9379],[-77.0851,38.9388],[-77.0849,38.9391],[-77.0847,38.9394],[-77.0844,38.9397],[-77.0842,38.94],[-77.084,38.9402],[-77.0838,38.9404],[-77.0835,38.9407],[-77.0833,38.9409],[-77.0831,38.9412],[-77.0829,38.9414],[-77.0827,38.9416],[-77.0825,38.9419],[-77.0822,38.9422],[-77.0805,38.9422],[-77.0795,38.9422],[-77.0782,38.9422],[-77.0773,38.9422],[-77.0765,38.9422]]]]}},{"type":"Feature","properties":{"i":5},"geometry":{"type":"MultiPolygon","coordinates":[[[[-77.0539,38.9291],[-77.0538,38.9289],[-77.0535,38.9288],[-77.0533,38.9287],[-77.053,38.9285],[-77.0527,38.9284],[-77.0524,38.9282],[-77.0522,38.9281],[-77.052,38.928],[-77.0518,38.9278],[-77.0517,38.9277],[-77.0516,38.9276],[-77.0515,38.9275],[-77.0514,38.9273],[-77.0513,38.9272],[-77.0512,38.927],[-77.051,38.9266],[-77.0508,38.9263],[-77.0507,38.9262],[-77.0506,38.926],[-77.0504,38.9258],[-77.0502,38.9254],[-77.0501,38.9251],[-77.0499,38.9248],[-77.0498,38.9245],[-77.0497,38.9241],[-77.0497,38.9238],[-77.0497,38.9234],[-77.0485,38.9233],[-77.0485,38.9229],[-77.0487,38.9225],[-77.049,38.9221],[-77.0494,38.9219],[-77.0498,38.9217],[-77.0502,38.9212],[-77.0504,38.9209],[-77.0507,38.9207],[-77.0508,38.9202],[-77.0511,38.9198],[-77.0516,38.9197],[-77.052,38.9196],[-77.0525,38.9198],[-77.0529,38.92],[-77.0533,38.9201],[-77.0536,38.9201],[-77.0541,38.92],[-77.0544,38.92],[-77.0547,38.9198],[-77.0549,38.9197],[-77.0551,38.9193],[-77.0554,38.9189],[-77.056,38.9187],[-77.0565,38.9185],[-77.057,38.9185],[-77.0573,38.9184],[-77.0576,38.9182],[-77.0578,38.918],[-77.0581,38.9179],[-77.0583,38.9177],[-77.0584,38.9176],[-77.0585,38.9174],[-77.0587,38.9171],[-77.0588,38.9168],[-77.0588,38.9165],[-77.0589,38.9161],[-77.0589,38.9159],[-77.0591,38.9159],[-77.0592,38.9159],[-77.0594,38.9158],[-77.0596,38.9157],[-77.0597,38.9156],[-77.0598,38.9156],[-77.06,38.9155],[-77.0602,38.9155],[-77.0604,38.9155],[-77.0606,38.9155],[-77.0607,38.9155],[-77.0608,38.9155],[-77.0609,38.9155],[-77.061,38.9154],[-77.0611,38.9154],[-77.0612,38.9154],[-77.0614,38.9155],[-77.0615,38.9156],[-77.0617,38.9156],[-77.0618,38.9156],[-77.062,38.9157],[-77.0621,38.9157],[-77.0622,38.9157],[-77.0624,38.9158],[-77.0625,38.9158],[-77.0626,38.9159],[-77.0629,38.9159],[-77.063,38.916],[-77.0632,38.916],[-77.0633,38.916],[-77.0635,38.9159],[-77.0636,38.9159],[-77.0637,38.9159],[-77.0638,38.9158],[-77.064,38.9158],[-77.0641,38.9158],[-77.0642,38.9158],[-77.0644,38.9159],[-77.0645,38.916],[-77.0646,38.916],[-77.0648,38.9161],[-77.0649,38.9161],[-77.0649,38.9162],[-77.065,38.9164],[-77.0651,38.9166],[-77.0652,38.9168],[-77.0653,38.9171],[-77.0654,38.9174],[-77.0655,38.9178],[-77.0656,38.9181],[-77.0656,38.9183],[-77.0657,38.9186],[-77.0655,38.9188],[-77.0651,38.9189],[-77.0649,38.9191],[-77.0645,38.9193],[-77.0642,38.9196],[-77.0639,38.9199],[-77.0636,38.9203],[-77.0634,38.9208],[-77.0634,38.9214],[-77.0635,38.922],[-77.0636,38.9226],[-77.0639,38.923],[-77.0641,38.9233],[-77.0645,38.9235],[-77.0648,38.9238],[-77.0653,38.924],[-77.0657,38.9241],[-77.0662,38.9243],[-77.0667,38.9244],[-77.0672,38.9244],[-77.0674,38.9245],[-77.0676,38.9246],[-77.0678,38.9247],[-77.068,38.9248],[-77.0683,38.9251],[-77.0687,38.9253],[-77.069,38.9255],[-77.0692,38.9257],[-77.0695,38.9259],[-77.0697,38.9261],[-77.0699,38.9263],[-77.0701,38.9264],[-77.0704,38.9266],[-77.0706,38.9268],[-77.0709,38.927],[-77.0712,38.9272],[-77.0715,38.9274],[-77.0717,38.9275],[-77.0718,38.9276],[-77.0721,38.9278],[-77.0723,38.9279],[-77.0724,38.9281],[-77.0725,38.9282],[-77.0727,38.9283],[-77.0728,38.9284],[-77.073,38.9285],[-77.0732,38.9286],[-77.0731,38.9288],[-77.0731,38.9289],[-77.0731,38.9291],[-77.0731,38.9293],[-77.073,38.9297],[-77.073,38.9299],[-77.0729,38.9303],[-77.0728,38.9307],[-77.0728,38.931],[-77.0727,38.9313],[-77.0727,38.9316],[-77.0727,38.9318],[-77.0726,38.932],[-77.0726,38.9323],[-77.0726,38.9325],[-77.0725,38.9326],[-77.0725,38.933],[-77.0724,38.9333],[-77.0724,38.9335],[-77.0724,38.9337],[-77.0724,38.9341],[-77.0724,38.9344],[-77.0725,38.9346],[-77.0726,38.9349],[-77.0728,38.9353],[-77.0729,38.9355],[-77.073,38.9357],[-77.0731,38.936],[-77.0732,38.9362],[-77.0733,38.9364],[-77.0734,38.9365],[-77.0735,38.9367],[-77.0736,38.9369],[-77.0737,38.937],[-77.0738,38.9373],[-77.0739,38.9374],[-77.0743,38.9381],[-77.0745,38.9385],[-77.0747,38.939],[-77.075,38.9396],[-77.0752,38.9398],[-77.0753,38.9401],[-77.0756,38.9406],[-77.0758,38.9409],[-77.076,38.9412],[-77.0761,38.9414],[-77.0762,38.9417],[-77.0764,38.942],[-77.0765,38.9422],[-77.0763,38.9422],[-77.0757,38.9422],[-77.0751,38.9422],[-77.0749,38.9422],[-77.0746,38.9422],[-77.0741,38.9422],[-77.0725,38.9422],[-77.0719,38.9422],[-77.0709,38.9422],[-77.0697,38.9422],[-77.0689,38.9422],[-77.0688,38.942],[-77.0687,38.9419],[-77.0687,38.9418],[-77.0685,38.9416],[-77.0684,38.9415],[-77.0683,38.9414],[-77.0682,38.9413],[-77.068,38.9411],[-77.0679,38.941],[-77.0678,38.9408],[-77.0677,38.9407],[-77.0677,38.9405],[-77.0676,38.9404],[-77.0676,38.9403],[-77.0676,38.9402],[-77.067,38.9401],[-77.0668,38.9401],[-77.0667,38.9401],[-77.0666,38.9401],[-77.0664,38.9401],[-77.0662,38.9401],[-77.0661,38.94],[-77.066,38.94],[-77.0659,38.9399],[-77.0657,38.94],[-77.0656,38.94],[-77.0655,38.94],[-77.0655,38.9399],[-77.0654,38.9399],[-77.0653,38.9399],[-77.0652,38.9399],[-77.065,38.9399],[-77.0649,38.9399],[-77.0648,38.9399],[-77.0647,38.9399],[-77.0646,38.94],[-77.0644,38.94],[-77.0643,38.9399],[-77.0642,38.9399],[-77.0642,38.9398],[-77.0641,38.9397],[-77.0641,38.9396],[-77.064,38.9396],[-77.0639,38.9396],[-77.0637,38.9395],[-77.0636,38.9395],[-77.0634,38.9395],[-77.0632,38.9394],[-77.063,38.9394],[-77.0628,38.9393],[-77.0627,38.9392],[-77.0626,38.9392],[-77.0624,38.9392],[-77.0623,38.9391],[-77.0622,38.939],[-77.062,38.939],[-77.0618,38.9389],[-77.0615,38.9389],[-77.0612,38.9389],[-77.0609,38.9388],[-77.0607,38.9388],[-77.0604,38.9388],[-77.0601,38.9388],[-77.0598,38.9388],[-77.0595,38.9389],[-77.0593,38.939],[-77.0591,38.939],[-77.059,38.939],[-77.0589,38.9389],[-77.0588,38.9388],[-77.0586,38.9388],[-77.0585,38.9388],[-77.0583,38.9387],[-77.0581,38.9387],[-77.0579,38.9387],[-77.0577,38.9387],[-77.0575,38.9386],[-77.0574,38.9387],[-77.0572,38.9387],[-77.0571,38.9387],[-77.057,38.9386],[-77.0569,38.9386],[-77.0567,38.9386],[-77.0566,38.9385],[-77.0565,38.9385],[-77.0564,38.9384],[-77.0562,38.9384],[-77.0561,38.9384],[-77.056,38.9383],[-77.0558,38.9383],[-77.0557,38.9383],[-77.0556,38.9382],[-77.0555,38.9381],[-77.0554,38.9381],[-77.0552,38.9381],[-77.055,38.9381],[-77.0547,38.9381],[-77.0545,38.9381],[-77.0543,38.9381],[-77.054,38.9382],[-77.0537,38.9382],[-77.0534,38.9382],[-77.0531,38.9382],[-77.0528,38.9382],[-77.0526,38.9382],[-77.0524,38.9382],[-77.0524,38.9381],[-77.0523,38.938],[-77.0523,38.9379],[-77.0523,38.9378],[-77.0522,38.9376],[-77.0521,38.9374],[-77.052,38.9372],[-77.0518,38.9371],[-77.0517,38.9369],[-77.0515,38.9368],[-77.0514,38.9368],[-77.0512,38.9368],[-77.051,38.9366],[-77.0508,38.9365],[-77.0507,38.9365],[-77.0504,38.9364],[-77.0502,38.9364],[-77.0501,38.9365],[-77.0499,38.9365],[-77.0498,38.9365],[-77.0496,38.9365],[-77.0494,38.9363],[-77.0494,38.9362],[-77.0494,38.9361],[-77.0494,38.936],[-77.0494,38.9358],[-77.0494,38.9357],[-77.0495,38.9355],[-77.0495,38.9354],[-77.0494,38.9353],[-77.0493,38.9352],[-77.0491,38.9351],[-77.0489,38.935],[-77.0489,38.9349],[-77.049,38.9347],[-77.0491,38.9346],[-77.0492,38.9346],[-77.0493,38.9345],[-77.0495,38.9345],[-77.0497,38.9344],[-77.0499,38.9343],[-77.0502,38.9342],[-77.0502,38.9341],[-77.0504,38.9341],[-77.0506,38.934],[-77.0508,38.934],[-77.051,38.934],[-77.0512,38.934],[-77.0513,38.934],[-77.0515,38.934],[-77.0517,38.9339],[-77.0518,38.9339],[-77.0519,38.9339],[-77.0521,38.9338],[-77.0528,38.9336],[-77.053,38.9335],[-77.0532,38.9335],[-77.0535,38.9334],[-77.0538,38.9333],[-77.054,38.9332],[-77.0541,38.9331],[-77.0545,38.9329],[-77.0547,38.9328],[-77.0559,38.9327],[-77.0541,38.9292],[-77.054,38.9292],[-77.0539,38.9291]]]]}},{"type":"Feature","properties":{"i":2},"geometry":{"type":"MultiPolygon","coordinates":[[[[-77.0091,38.8817],[-77.0091,38.8876],[-77.0082,38.8876],[-77.0079,38.8876],[-77.0059,38.8876],[-77.0035,38.8876],[-77.0035,38.8898],[-77.0035,38.892],[-77.0031,38.892],[-77.0029,38.892],[-77.0022,38.892],[-77.002,38.892],[-77.0019,38.892],[-77.0017,38.892],[-77.0006,38.892],[-76.9995,38.892],[-76.9983,38.892],[-76.9962,38.892],[-76.9957,38.892],[-76.995,38.892],[-76.9948,38.892],[-76.9946,38.892],[-76.9938,38.892],[-76.9935,38.892],[-76.9931,38.892],[-76.9929,38.892],[-76.9926,38.892],[-76.9921,38.892],[-76.9915,38.892],[-76.9913,38.892],[-76.9902,38.892],[-76.9901,38.892],[-76.9894,38.892],[-76.9893,38.892],[-76.9891,38.892],[-76.9886,38.892],[-76.9881,38.892],[-76.9875,38.892],[-76.9863,38.892],[-76.9836,38.892],[-76.9773,38.892],[-76.9767,38.892],[-76.9767,38.8898],[-76.9738,38.8898],[-76.9677,38.8897],[-76.9677,38.8896],[-76.9678,38.8895],[-76.9678,38.8894],[-76.9678,38.8893],[-76.9679,38.8893],[-76.9679,38.8892],[-76.9679,38.8891],[-76.968,38.889],[-76.9681,38.8889],[-76.9682,38.8888],[-76.9682,38.8887],[-76.9683,38.8886],[-76.9683,38.8885],[-76.9684,38.8885],[-76.9686,38.888],[-76.9687,38.8879],[-76.9687,38.8878],[-76.9688,38.8877],[-76.9688,38.8876],[-76.9688,38.8875],[-76.9689,38.8874],[-76.9689,38.8873],[-76.9689,38.8872],[-76.969,38.8872],[-76.969,38.8871],[-76.969,38.887],[-76.9691,38.8869],[-76.9692,38.8867],[-76.9693,38.8866],[-76.9693,38.8865],[-76.9694,38.8864],[-76.9695,38.8863],[-76.9695,38.8862],[-76.9696,38.8862],[-76.9696,38.8861],[-76.9697,38.8861],[-76.9697,38.886],[-76.9697,38.8859],[-76.9698,38.8859],[-76.9698,38.8858],[-76.9699,38.8858],[-76.9699,38.8857],[-76.97,38.8856],[-76.9701,38.8855],[-76.9701,38.8854],[-76.9702,38.8853],[-76.9703,38.8852],[-76.9703,38.8851],[-76.9704,38.885],[-76.9705,38.8848],[-76.9705,38.8847],[-76.9706,38.8846],[-76.9706,38.8845],[-76.9707,38.8844],[-76.9707,38.8843],[-76.9708,38.8842],[-76.9709,38.8841],[-76.9709,38.8839],[-76.971,38.8838],[-76.9711,38.8837],[-76.9712,38.8835],[-76.9712,38.8834],[-76.9713,38.8833],[-76.9714,38.8832],[-76.9715,38.8831],[-76.9715,38.883],[-76.9716,38.8829],[-76.9716,38.8828],[-76.9717,38.8827],[-76.9718,38.8826],[-76.9719,38.8824],[-76.972,38.8823],[-76.9721,38.8822],[-76.9721,38.8821],[-76.9722,38.8821],[-76.9723,38.8819],[-76.9723,38.8818],[-76.9724,38.8817],[-76.9725,38.8815],[-76.9726,38.8814],[-76.9728,38.8812],[-76.9729,38.8811],[-76.973,38.8809],[-76.9731,38.8807],[-76.9732,38.8806],[-76.9733,38.8805],[-76.9734,38.8803],[-76.9735,38.8802],[-76.973,38.8804],[-76.973,38.8803],[-76.9731,38.8803],[-76.9731,38.8802],[-76.9731,38.8801],[-76.9732,38.8801],[-76.9733,38.8801],[-76.9733,38.88],[-76.9733,38.8799],[-76.9734,38.8799],[-76.9734,38.8798],[-76.9733,38.8798],[-76.9734,38.8798],[-76.9734,38.8797],[-76.9734,38.8796],[-76.9735,38.8796],[-76.9735,38.8795],[-76.9736,38.8795],[-76.9736,38.8794],[-76.9737,38.8793],[-76.9738,38.8793],[-76.9738,38.8792],[-76.9739,38.8792],[-76.9739,38.8791],[-76.974,38.8791],[-76.9741,38.879],[-76.9742,38.879],[-76.9742,38.8789],[-76.9743,38.8789],[-76.9744,38.8789],[-76.9745,38.8788],[-76.9746,38.8788],[-76.9747,38.8788],[-76.9747,38.8787],[-76.9748,38.8787],[-76.9749,38.8787],[-76.975,38.8787],[-76.9751,38.8786],[-76.9752,38.8786],[-76.9753,38.8786],[-76.9756,38.8785],[-76.9759,38.8784],[-76.976,38.8784],[-76.9763,38.8783],[-76.9765,38.8783],[-76.9767,38.8782],[-76.977,38.8782],[-76.977,38.8781],[-76.9771,38.8781],[-76.9772,38.8781],[-76.9775,38.878],[-76.9776,38.878],[-76.9777,38.878],[-76.9778,38.8779],[-76.9785,38.8778],[-76.9786,38.8778],[-76.9786,38.8777],[-76.9787,38.8777],[-76.9791,38.8776],[-76.9792,38.8776],[-76.9794,38.8776],[-76.9796,38.8777],[-76.9807,38.8782],[-76.9824,38.8776],[-76.9836,38.8773],[-76.9847,38.8771],[-76.9857,38.8771],[-76.9873,38.8771],[-76.9886,38.8773],[-76.9897,38.8774],[-76.9907,38.8777],[-76.9927,38.8781],[-76.9958,38.8789],[-76.9979,38.8795],[-77.0006,38.8803],[-77.0021,38.8807],[-77.0031,38.8809],[-77.004,38.881],[-77.0054,38.881],[-77.0063,38.881],[-77.0074,38.8812],[-77.0082,38.8814],[-77.0091,38.8817]]]]}}]}